cod_distr;nome_distr;ano;populacao_total;populacao_idosa;taxa_envelhecimento_perc;leitos_por_mil_hab
80001;Distrito Sintético 1;2010;76519;17300;22.61;3.01
80002;Distrito Sintético 2;2010;78839;11661;14.79;4.64
80003;Distrito Sintético 3;2010;72318;14411;19.93;3.34
80004;Distrito Sintético 4;2010;76630;11657;15.21;1.74
80005;Distrito Sintético 5;2010;86156;16878;19.59;3.83
80006;Distrito Sintético 6;2010;77900;20160;25.88;3.23
80007;Distrito Sintético 7;2010;92699;18084;19.51;3.53
80008;Distrito Sintético 8;2010;86656;12724;14.68;2.86
80009;Distrito Sintético 9;2010;69787;13782;19.75;0.91
80010;Distrito Sintético 10;2010;95788;15756;16.45;4.24
80011;Distrito Sintético 11;2010;89549;14500;16.19;0.79
80012;Distrito Sintético 12;2010;81231;13514;16.64;4.44
80013;Distrito Sintético 13;2010;84637;14235;16.82;0.67
80014;Distrito Sintético 14;2010;93773;18293;19.51;1.22
80015;Distrito Sintético 15;2010;82136;17824;21.7;3.17
80016;Distrito Sintético 16;2010;84601;12538;14.82;4.03
80017;Distrito Sintético 17;2010;84690;19623;23.17;1.81
80018;Distrito Sintético 18;2010;77381;19617;25.35;1.28
80019;Distrito Sintético 19;2010;77047;13349;17.33;1.25
80020;Distrito Sintético 20;2010;71300;12382;17.37;1.45
80021;Distrito Sintético 21;2010;76398;15969;20.9;1.82
80022;Distrito Sintético 22;2010;83773;18359;21.92;1.42
80023;Distrito Sintético 23;2010;77594;12144;15.65;1.08
80024;Distrito Sintético 24;2010;92428;16746;18.12;3.97
80025;Distrito Sintético 25;2010;80998;17130;21.15;4.45
80026;Distrito Sintético 26;2010;82189;15925;19.38;1.54
80027;Distrito Sintético 27;2010;80605;12637;15.68;0.67
80028;Distrito Sintético 28;2010;90115;16683;18.51;0.78
80029;Distrito Sintético 29;2010;72077;9949;13.8;0.73
80030;Distrito Sintético 30;2010;88279;12687;14.37;3.79
80031;Distrito Sintético 31;2010;78708;12962;16.47;1.25
80032;Distrito Sintético 32;2010;76246;14327;18.79;1.99
80033;Distrito Sintético 33;2010;82911;16106;19.43;0.51
80034;Distrito Sintético 34;2010;79313;13235;16.69;0.63
80035;Distrito Sintético 35;2010;77892;14226;18.26;1.08
80036;Distrito Sintético 36;2010;88342;14744;16.69;1.39
80037;Distrito Sintético 37;2010;90726;13939;15.36;0.51
80038;Distrito Sintético 38;2010;88948;16540;18.6;2.02
80039;Distrito Sintético 39;2010;85945;13981;16.27;2.77
80040;Distrito Sintético 40;2010;83388;13310;15.96;3.39
80041;Distrito Sintético 41;2010;80410;13988;17.4;0.62
80042;Distrito Sintético 42;2010;97087;13579;13.99;0.61
80043;Distrito Sintético 43;2010;78050;16400;21.01;2.54
80044;Distrito Sintético 44;2010;75046;16632;22.16;1.19
80045;Distrito Sintético 45;2010;81601;15850;19.42;0.59
80046;Distrito Sintético 46;2010;92941;20213;21.75;3.63
80047;Distrito Sintético 47;2010;77224;14468;18.74;1.97
80048;Distrito Sintético 48;2010;76995;13015;16.9;2.27
80049;Distrito Sintético 49;2010;85925;15460;17.99;1.45
80050;Distrito Sintético 50;2010;83313;15165;18.2;2.8
80051;Distrito Sintético 51;2010;86372;17375;20.12;2.45
80052;Distrito Sintético 52;2010;85040;19808;23.29;2.46
80053;Distrito Sintético 53;2010;86373;14646;16.96;1.23
80054;Distrito Sintético 54;2010;86073;20542;23.87;4.17
80055;Distrito Sintético 55;2010;90470;16456;18.19;4.05
80056;Distrito Sintético 56;2010;75724;15674;20.7;1.7
80057;Distrito Sintético 57;2010;79641;14366;18.04;2.87
80058;Distrito Sintético 58;2010;71530;12128;16.96;1.77
80059;Distrito Sintético 59;2010;79637;13277;16.67;1.54
80060;Distrito Sintético 60;2010;69518;12519;18.01;4.33
80061;Distrito Sintético 61;2010;74974;16304;21.75;0.53
80062;Distrito Sintético 62;2010;80777;13024;16.12;1.53
80063;Distrito Sintético 63;2010;76192;13785;18.09;2.08
80064;Distrito Sintético 64;2010;81402;11840;14.55;2.39
80065;Distrito Sintético 65;2010;73725;18926;25.67;4.75
80066;Distrito Sintético 66;2010;88449;14671;16.59;2.36
80067;Distrito Sintético 67;2010;76998;14348;18.63;0.56
80068;Distrito Sintético 68;2010;73711;15157;20.56;3.81
80069;Distrito Sintético 69;2010;74896;17880;23.87;4.95
80070;Distrito Sintético 70;2010;79399;21870;27.54;2.71
80071;Distrito Sintético 71;2010;83836;14012;16.71;3.94
80072;Distrito Sintético 72;2010;86584;16546;19.11;4.69
80073;Distrito Sintético 73;2010;77145;12295;15.94;3.36
80074;Distrito Sintético 74;2010;83508;21110;25.28;1.96
80075;Distrito Sintético 75;2010;81671;16066;19.67;2.56
80076;Distrito Sintético 76;2010;87787;16750;19.08;1.6
80077;Distrito Sintético 77;2010;70157;11152;15.9;2.48
80078;Distrito Sintético 78;2010;76679;11818;15.41;2.24
80079;Distrito Sintético 79;2010;72765;17413;23.93;4.89
80080;Distrito Sintético 80;2010;81611;11862;14.53;1.66
80081;Distrito Sintético 81;2010;84850;16659;19.63;2.97
80082;Distrito Sintético 82;2010;83194;15623;18.78;1.54
80083;Distrito Sintético 83;2010;93632;14493;15.48;3.1
80084;Distrito Sintético 84;2010;77450;13889;17.93;1.73
80085;Distrito Sintético 85;2010;78455;15431;19.67;4.43
80086;Distrito Sintético 86;2010;85295;13048;15.3;1.54
80087;Distrito Sintético 87;2010;74648;13745;18.41;2.75
80088;Distrito Sintético 88;2010;80113;16680;20.82;3.99
80089;Distrito Sintético 89;2010;80469;12256;15.23;3.27
80090;Distrito Sintético 90;2010;86763;16941;19.53;1.9
80091;Distrito Sintético 91;2010;70284;17498;24.9;4.08
80092;Distrito Sintético 92;2010;87627;15512;17.7;1.62
80093;Distrito Sintético 93;2010;85227;14216;16.68;4.26
80094;Distrito Sintético 94;2010;77123;12262;15.9;0.63
80095;Distrito Sintético 95;2010;84470;14859;17.59;1.56
80096;Distrito Sintético 96;2010;82368;16995;20.63;2.88
80001;Distrito Sintético 1;2011;88050;18351;20.84;2.62
80002;Distrito Sintético 2;2011;79006;13658;17.29;3.02
80003;Distrito Sintético 3;2011;93511;13737;14.69;1.23
80004;Distrito Sintético 4;2011;90770;17214;18.96;3.26
80005;Distrito Sintético 5;2011;91512;18451;20.16;1.58
80006;Distrito Sintético 6;2011;76379;10054;13.16;4.01
80007;Distrito Sintético 7;2011;76388;16274;21.3;3.74
80008;Distrito Sintético 8;2011;81765;15284;18.69;2.58
80009;Distrito Sintético 9;2011;73300;15867;21.65;2.81
80010;Distrito Sintético 10;2011;87134;18636;21.39;3.14
80011;Distrito Sintético 11;2011;85320;14033;16.45;4.49
80012;Distrito Sintético 12;2011;80129;12712;15.86;3.89
80013;Distrito Sintético 13;2011;79124;11174;14.12;2.91
80014;Distrito Sintético 14;2011;74188;13906;18.74;1.77
80015;Distrito Sintético 15;2011;80051;17472;21.83;4.06
80016;Distrito Sintético 16;2011;78227;17401;22.24;3.64
80017;Distrito Sintético 17;2011;90691;16201;17.86;2.9
80018;Distrito Sintético 18;2011;83456;12519;15.0;4.0
80019;Distrito Sintético 19;2011;79079;12225;15.46;4.47
80020;Distrito Sintético 20;2011;74017;18505;25.0;2.15
80021;Distrito Sintético 21;2011;84413;11970;14.18;3.53
80022;Distrito Sintético 22;2011;85798;18013;20.99;2.76
80023;Distrito Sintético 23;2011;85261;13749;16.13;1.32
80024;Distrito Sintético 24;2011;78280;12491;15.96;2.95
80025;Distrito Sintético 25;2011;88822;15706;17.68;2.01
80026;Distrito Sintético 26;2011;86219;14030;16.27;0.81
80027;Distrito Sintético 27;2011;85800;15695;18.29;3.92
80028;Distrito Sintético 28;2011;78945;18129;22.96;0.72
80029;Distrito Sintético 29;2011;78440;13842;17.65;1.79
80030;Distrito Sintético 30;2011;83513;14648;17.54;0.91
80031;Distrito Sintético 31;2011;74051;12241;16.53;1.7
80032;Distrito Sintético 32;2011;74650;13880;18.59;2.99
80033;Distrito Sintético 33;2011;82414;14310;17.36;4.32
80034;Distrito Sintético 34;2011;78428;17856;22.77;2.12
80035;Distrito Sintético 35;2011;66719;14101;21.13;0.92
80036;Distrito Sintético 36;2011;80184;12471;15.55;4.57
80037;Distrito Sintético 37;2011;77260;13931;18.03;2.08
80038;Distrito Sintético 38;2011;77002;15379;19.97;4.35
80039;Distrito Sintético 39;2011;80329;16763;20.87;1.68
80040;Distrito Sintético 40;2011;89863;19599;21.81;4.63
80041;Distrito Sintético 41;2011;81545;21735;26.65;4.22
80042;Distrito Sintético 42;2011;84847;16572;19.53;1.35
80043;Distrito Sintético 43;2011;82939;15524;18.72;4.26
80044;Distrito Sintético 44;2011;87594;18034;20.59;4.69
80045;Distrito Sintético 45;2011;77544;15479;19.96;2.83
80046;Distrito Sintético 46;2011;85298;17141;20.1;0.57
80047;Distrito Sintético 47;2011;63473;16262;25.62;3.26
80048;Distrito Sintético 48;2011;80782;15466;19.15;3.77
80049;Distrito Sintético 49;2011;85119;18257;21.45;3.77
80050;Distrito Sintético 50;2011;84869;16493;19.43;2.97
80051;Distrito Sintético 51;2011;87904;12751;14.51;4.4
80052;Distrito Sintético 52;2011;84960;12031;14.16;2.96
80053;Distrito Sintético 53;2011;98435;14983;15.22;1.76
80054;Distrito Sintético 54;2011;71661;16838;23.5;4.05
80055;Distrito Sintético 55;2011;86562;11573;13.37;3.5
80056;Distrito Sintético 56;2011;90224;17879;19.82;2.13
80057;Distrito Sintético 57;2011;74670;15555;20.83;1.69
80058;Distrito Sintético 58;2011;84155;13841;16.45;1.11
80059;Distrito Sintético 59;2011;82410;17461;21.19;4.1
80060;Distrito Sintético 60;2011;73425;11157;15.2;2.35
80061;Distrito Sintético 61;2011;79625;16605;20.85;2.93
80062;Distrito Sintético 62;2011;90808;14462;15.93;0.7
80063;Distrito Sintético 63;2011;75506;19406;25.7;2.42
80064;Distrito Sintético 64;2011;74252;16408;22.1;0.81
80065;Distrito Sintético 65;2011;87468;13408;15.33;2.04
80066;Distrito Sintético 66;2011;71500;14335;20.05;2.25
80067;Distrito Sintético 67;2011;88008;19071;21.67;3.58
80068;Distrito Sintético 68;2011;92271;22238;24.1;4.87
80069;Distrito Sintético 69;2011;81577;13733;16.83;4.37
80070;Distrito Sintético 70;2011;89522;16417;18.34;1.14
80071;Distrito Sintético 71;2011;86420;18397;21.29;3.58
80072;Distrito Sintético 72;2011;82928;14422;17.39;2.45
80073;Distrito Sintético 73;2011;70834;13700;19.34;1.33
80074;Distrito Sintético 74;2011;86121;19987;23.21;2.43
80075;Distrito Sintético 75;2011;77062;18034;23.4;2.14
80076;Distrito Sintético 76;2011;81557;15107;18.52;1.05
80077;Distrito Sintético 77;2011;81783;17955;21.95;3.49
80078;Distrito Sintético 78;2011;72411;10830;14.96;3.46
80079;Distrito Sintético 79;2011;80024;17924;22.4;1.08
80080;Distrito Sintético 80;2011;70005;11774;16.82;4.15
80081;Distrito Sintético 81;2011;81926;18167;22.17;1.53
80082;Distrito Sintético 82;2011;97458;15124;15.52;3.47
80083;Distrito Sintético 83;2011;78438;17253;22.0;4.33
80084;Distrito Sintético 84;2011;91215;16885;18.51;4.89
80085;Distrito Sintético 85;2011;77023;10377;13.47;1.09
80086;Distrito Sintético 86;2011;84140;13057;15.52;1.76
80087;Distrito Sintético 87;2011;80670;15555;19.28;3.6
80088;Distrito Sintético 88;2011;67287;10093;15.0;1.83
80089;Distrito Sintético 89;2011;78898;14200;18.0;4.68
80090;Distrito Sintético 90;2011;80638;17070;21.17;3.57
80091;Distrito Sintético 91;2011;82445;16150;19.59;2.6
80092;Distrito Sintético 92;2011;85013;16377;19.26;4.5
80093;Distrito Sintético 93;2011;77330;15798;20.43;3.11
80094;Distrito Sintético 94;2011;72528;12309;16.97;1.69
80095;Distrito Sintético 95;2011;83720;14670;17.52;4.44
80096;Distrito Sintético 96;2011;90154;17332;19.22;1.75
80001;Distrito Sintético 1;2012;81038;15856;19.57;0.94
80002;Distrito Sintético 2;2012;84488;15558;18.41;1.51
80003;Distrito Sintético 3;2012;82133;13575;16.53;1.52
80004;Distrito Sintético 4;2012;76710;15032;19.6;0.75
80005;Distrito Sintético 5;2012;75059;18718;24.94;3.68
80006;Distrito Sintético 6;2012;80497;13291;16.51;1.79
80007;Distrito Sintético 7;2012;74887;14111;18.84;1.81
80008;Distrito Sintético 8;2012;93551;13668;14.61;3.8
80009;Distrito Sintético 9;2012;83134;14510;17.45;0.51
80010;Distrito Sintético 10;2012;79800;11691;14.65;3.76
80011;Distrito Sintético 11;2012;86800;12774;14.72;2.7
80012;Distrito Sintético 12;2012;74155;11827;15.95;0.52
80013;Distrito Sintético 13;2012;79801;14987;18.78;3.83
80014;Distrito Sintético 14;2012;76746;13321;17.36;3.58
80015;Distrito Sintético 15;2012;81095;14493;17.87;2.24
80016;Distrito Sintético 16;2012;79898;13088;16.38;1.19
80017;Distrito Sintético 17;2012;62669;16758;26.74;2.78
80018;Distrito Sintético 18;2012;72422;12825;17.71;4.63
80019;Distrito Sintético 19;2012;86750;19078;21.99;0.75
80020;Distrito Sintético 20;2012;67260;13017;19.35;3.77
80021;Distrito Sintético 21;2012;83696;11008;13.15;4.61
80022;Distrito Sintético 22;2012;65733;12076;18.37;3.91
80023;Distrito Sintético 23;2012;84502;12003;14.2;0.98
80024;Distrito Sintético 24;2012;87034;15533;17.85;2.43
80025;Distrito Sintético 25;2012;80260;15776;19.66;1.83
80026;Distrito Sintético 26;2012;83182;15413;18.53;0.74
80027;Distrito Sintético 27;2012;82135;17483;21.29;3.94
80028;Distrito Sintético 28;2012;90108;13549;15.04;3.99
80029;Distrito Sintético 29;2012;78969;15811;20.02;1.15
80030;Distrito Sintético 30;2012;70229;15349;21.86;2.11
80031;Distrito Sintético 31;2012;73767;14482;19.63;3.89
80032;Distrito Sintético 32;2012;86936;17981;20.68;2.29
80033;Distrito Sintético 33;2012;74145;11142;15.03;3.3
80034;Distrito Sintético 34;2012;72534;16574;22.85;3.32
80035;Distrito Sintético 35;2012;73411;12847;17.5;2.79
80036;Distrito Sintético 36;2012;79828;16900;21.17;0.57
80037;Distrito Sintético 37;2012;76546;14370;18.77;3.98
80038;Distrito Sintético 38;2012;74029;13489;18.22;2.91
80039;Distrito Sintético 39;2012;97144;23353;24.04;4.3
80040;Distrito Sintético 40;2012;76887;10612;13.8;0.94
80041;Distrito Sintético 41;2012;78640;20329;25.85;2.86
80042;Distrito Sintético 42;2012;87683;17150;19.56;2.93
80043;Distrito Sintético 43;2012;79378;12664;15.95;3.22
80044;Distrito Sintético 44;2012;89771;12173;13.56;2.24
80045;Distrito Sintético 45;2012;80773;10856;13.44;4.72
80046;Distrito Sintético 46;2012;88904;13669;15.38;1.98
80047;Distrito Sintético 47;2012;80958;14052;17.36;0.83
80048;Distrito Sintético 48;2012;70740;12647;17.88;0.81
80049;Distrito Sintético 49;2012;78560;16978;21.61;1.75
80050;Distrito Sintético 50;2012;78501;14484;18.45;3.72
80051;Distrito Sintético 51;2012;80204;12541;15.64;4.84
80052;Distrito Sintético 52;2012;73138;10339;14.14;3.19
80053;Distrito Sintético 53;2012;91578;21881;23.89;4.96
80054;Distrito Sintético 54;2012;86417;16699;19.32;0.77
80055;Distrito Sintético 55;2012;77869;17347;22.28;3.95
80056;Distrito Sintético 56;2012;87925;16252;18.48;0.87
80057;Distrito Sintético 57;2012;79442;17142;21.58;4.04
80058;Distrito Sintético 58;2012;77050;18858;24.48;1.32
80059;Distrito Sintético 59;2012;95723;18999;19.85;3.79
80060;Distrito Sintético 60;2012;80840;12441;15.39;2.63
80061;Distrito Sintético 61;2012;78814;16483;20.91;1.21
80062;Distrito Sintético 62;2012;88436;14814;16.75;3.98
80063;Distrito Sintético 63;2012;91388;12303;13.46;1.91
80064;Distrito Sintético 64;2012;86063;13788;16.02;1.15
80065;Distrito Sintético 65;2012;76298;17919;23.49;0.85
80066;Distrito Sintético 66;2012;87818;18940;21.57;2.35
80067;Distrito Sintético 67;2012;76097;11352;14.92;2.5
80068;Distrito Sintético 68;2012;67771;11834;17.46;4.33
80069;Distrito Sintético 69;2012;86950;16962;19.51;1.45
80070;Distrito Sintético 70;2012;85248;19226;22.55;4.52
80071;Distrito Sintético 71;2012;77387;11907;15.39;3.11
80072;Distrito Sintético 72;2012;86765;14932;17.21;2.67
80073;Distrito Sintético 73;2012;85867;18719;21.8;2.43
80074;Distrito Sintético 74;2012;83541;9989;11.96;2.54
80075;Distrito Sintético 75;2012;74203;15042;20.27;3.69
80076;Distrito Sintético 76;2012;91523;15502;16.94;3.13
80077;Distrito Sintético 77;2012;91032;16204;17.8;3.58
80078;Distrito Sintético 78;2012;81833;17557;21.45;3.0
80079;Distrito Sintético 79;2012;82618;17485;21.16;1.51
80080;Distrito Sintético 80;2012;83457;12573;15.07;3.01
80081;Distrito Sintético 81;2012;90851;14832;16.33;4.21
80082;Distrito Sintético 82;2012;77445;12363;15.96;3.47
80083;Distrito Sintético 83;2012;92655;19696;21.26;2.07
80084;Distrito Sintético 84;2012;90162;17324;19.21;3.15
80085;Distrito Sintético 85;2012;80097;16209;20.24;2.5
80086;Distrito Sintético 86;2012;86235;19287;22.37;0.99
80087;Distrito Sintético 87;2012;86858;14159;16.3;4.16
80088;Distrito Sintético 88;2012;75752;12463;16.45;0.86
80089;Distrito Sintético 89;2012;82201;15346;18.67;2.85
80090;Distrito Sintético 90;2012;68970;10892;15.79;4.58
80091;Distrito Sintético 91;2012;78203;16337;20.89;3.63
80092;Distrito Sintético 92;2012;83340;15917;19.1;1.77
80093;Distrito Sintético 93;2012;84062;15337;18.24;2.83
80094;Distrito Sintético 94;2012;85123;11418;13.41;1.01
80095;Distrito Sintético 95;2012;90231;17981;19.93;3.79
80096;Distrito Sintético 96;2012;82781;14822;17.91;0.58
80001;Distrito Sintético 1;2013;90443;17855;19.74;2.45
80002;Distrito Sintético 2;2013;76138;12033;15.8;1.48
80003;Distrito Sintético 3;2013;91498;13823;15.11;3.33
80004;Distrito Sintético 4;2013;75532;16310;21.59;4.27
80005;Distrito Sintético 5;2013;73843;13887;18.81;1.68
80006;Distrito Sintético 6;2013;77628;11669;15.03;2.5
80007;Distrito Sintético 7;2013;92909;15310;16.48;3.69
80008;Distrito Sintético 8;2013;77648;13808;17.78;3.95
80009;Distrito Sintético 9;2013;81620;16031;19.64;2.49
80010;Distrito Sintético 10;2013;75026;11192;14.92;1.45
80011;Distrito Sintético 11;2013;82588;15767;19.09;4.25
80012;Distrito Sintético 12;2013;93650;22062;23.56;3.86
80013;Distrito Sintético 13;2013;70229;13047;18.58;0.99
80014;Distrito Sintético 14;2013;81201;16275;20.04;2.38
80015;Distrito Sintético 15;2013;78416;19717;25.14;2.02
80016;Distrito Sintético 16;2013;74902;14367;19.18;3.46
80017;Distrito Sintético 17;2013;68124;12373;18.16;3.27
80018;Distrito Sintético 18;2013;80749;11749;14.55;2.3
80019;Distrito Sintético 19;2013;85526;15107;17.66;0.71
80020;Distrito Sintético 20;2013;89425;22200;24.83;3.61
80021;Distrito Sintético 21;2013;83230;17612;21.16;1.1
80022;Distrito Sintético 22;2013;81385;13306;16.35;3.65
80023;Distrito Sintético 23;2013;81688;11365;13.91;3.33
80024;Distrito Sintético 24;2013;70442;13547;19.23;1.29
80025;Distrito Sintético 25;2013;81724;15893;19.45;3.53
80026;Distrito Sintético 26;2013;60096;13042;21.7;1.2
80027;Distrito Sintético 27;2013;78770;15165;19.25;4.22
80028;Distrito Sintético 28;2013;91005;17839;19.6;0.63
80029;Distrito Sintético 29;2013;86260;17612;20.42;1.88
80030;Distrito Sintético 30;2013;84623;14639;17.3;4.98
80031;Distrito Sintético 31;2013;75106;13590;18.09;4.95
80032;Distrito Sintético 32;2013;79591;16064;20.18;1.95
80033;Distrito Sintético 33;2013;72693;7318;10.07;3.28
80034;Distrito Sintético 34;2013;80022;17642;22.05;1.32
80035;Distrito Sintético 35;2013;96107;15571;16.2;4.3
80036;Distrito Sintético 36;2013;91882;14168;15.42;0.9
80037;Distrito Sintético 37;2013;69238;13764;19.88;1.61
80038;Distrito Sintético 38;2013;86985;16463;18.93;4.01
80039;Distrito Sintético 39;2013;82542;17228;20.87;1.76
80040;Distrito Sintético 40;2013;77210;15095;19.55;3.2
80041;Distrito Sintético 41;2013;92279;12406;13.44;3.8
80042;Distrito Sintético 42;2013;85867;12130;14.13;3.76
80043;Distrito Sintético 43;2013;92221;18343;19.89;1.58
80044;Distrito Sintético 44;2013;72809;13516;18.56;4.18
80045;Distrito Sintético 45;2013;88918;14773;16.61;1.79
80046;Distrito Sintético 46;2013;75827;15144;19.97;3.57
80047;Distrito Sintético 47;2013;71383;18986;26.6;1.71
80048;Distrito Sintético 48;2013;74220;14592;19.66;0.87
80049;Distrito Sintético 49;2013;79559;16587;20.85;2.08
80050;Distrito Sintético 50;2013;85432;16900;19.78;1.17
80051;Distrito Sintético 51;2013;82367;11393;13.83;4.33
80052;Distrito Sintético 52;2013;88943;18313;20.59;1.65
80053;Distrito Sintético 53;2013;80648;14997;18.6;4.0
80054;Distrito Sintético 54;2013;79830;19350;24.24;3.81
80055;Distrito Sintético 55;2013;65004;10747;16.53;3.58
80056;Distrito Sintético 56;2013;69686;11033;15.83;1.03
80057;Distrito Sintético 57;2013;83242;16744;20.11;1.49
80058;Distrito Sintético 58;2013;83720;18220;21.76;1.48
80059;Distrito Sintético 59;2013;74301;12943;17.42;4.7
80060;Distrito Sintético 60;2013;73042;14993;20.53;2.05
80061;Distrito Sintético 61;2013;67457;11002;16.31;0.75
80062;Distrito Sintético 62;2013;91304;19074;20.89;4.67
80063;Distrito Sintético 63;2013;79751;9725;12.19;2.22
80064;Distrito Sintético 64;2013;85136;13641;16.02;3.53
80065;Distrito Sintético 65;2013;81306;12230;15.04;4.55
80066;Distrito Sintético 66;2013;84930;12083;14.23;3.15
80067;Distrito Sintético 67;2013;85603;12282;14.35;4.9
80068;Distrito Sintético 68;2013;76643;18018;23.51;2.07
80069;Distrito Sintético 69;2013;67868;18161;26.76;0.77
80070;Distrito Sintético 70;2013;76653;12248;15.98;1.63
80071;Distrito Sintético 71;2013;81487;17031;20.9;3.99
80072;Distrito Sintético 72;2013;82953;14282;17.22;2.12
80073;Distrito Sintético 73;2013;79535;17707;22.26;1.87
80074;Distrito Sintético 74;2013;87338;13419;15.36;5.0
80075;Distrito Sintético 75;2013;73657;9729;13.21;4.01
80076;Distrito Sintético 76;2013;78683;14491;18.42;3.46
80077;Distrito Sintético 77;2013;80665;12531;15.53;1.12
80078;Distrito Sintético 78;2013;88500;19900;22.49;4.96
80079;Distrito Sintético 79;2013;83823;11919;14.22;1.34
80080;Distrito Sintético 80;2013;88739;18710;21.08;3.11
80081;Distrito Sintético 81;2013;81847;14295;17.47;1.19
80082;Distrito Sintético 82;2013;87730;14566;16.6;1.61
80083;Distrito Sintético 83;2013;80902;17440;21.56;4.24
80084;Distrito Sintético 84;2013;75064;14408;19.19;4.87
80085;Distrito Sintético 85;2013;90875;13852;15.24;4.9
80086;Distrito Sintético 86;2013;86141;16133;18.73;2.49
80087;Distrito Sintético 87;2013;77671;12068;15.54;2.39
80088;Distrito Sintético 88;2013;76750;16802;21.89;2.51
80089;Distrito Sintético 89;2013;82192;17573;21.38;3.41
80090;Distrito Sintético 90;2013;83060;15826;19.05;3.42
80091;Distrito Sintético 91;2013;60604;14314;23.62;1.74
80092;Distrito Sintético 92;2013;70702;14550;20.58;4.25
80093;Distrito Sintético 93;2013;67897;16590;24.43;2.28
80094;Distrito Sintético 94;2013;84030;10279;12.23;1.14
80095;Distrito Sintético 95;2013;59733;12194;20.41;2.28
80096;Distrito Sintético 96;2013;79837;17055;21.36;3.26
80001;Distrito Sintético 1;2014;72646;16393;22.57;2.72
80002;Distrito Sintético 2;2014;84279;16900;20.05;4.26
80003;Distrito Sintético 3;2014;83496;24013;28.76;0.71
80004;Distrito Sintético 4;2014;84704;11742;13.86;4.01
80005;Distrito Sintético 5;2014;88543;14887;16.81;1.09
80006;Distrito Sintético 6;2014;83805;17306;20.65;1.28
80007;Distrito Sintético 7;2014;78452;17393;22.17;1.52
80008;Distrito Sintético 8;2014;88892;18847;21.2;0.81
80009;Distrito Sintético 9;2014;72199;13917;19.28;2.57
80010;Distrito Sintético 10;2014;85481;12773;14.94;3.44
80011;Distrito Sintético 11;2014;84667;15367;18.15;3.14
80012;Distrito Sintético 12;2014;81791;19025;23.26;3.71
80013;Distrito Sintético 13;2014;75759;13215;17.44;3.97
80014;Distrito Sintético 14;2014;85551;19552;22.85;3.93
80015;Distrito Sintético 15;2014;85782;19374;22.59;3.86
80016;Distrito Sintético 16;2014;66251;15596;23.54;4.81
80017;Distrito Sintético 17;2014;78014;13826;17.72;0.97
80018;Distrito Sintético 18;2014;95089;18983;19.96;0.77
80019;Distrito Sintético 19;2014;80868;14289;17.67;2.14
80020;Distrito Sintético 20;2014;77078;17221;22.34;1.8
80021;Distrito Sintético 21;2014;70433;12715;18.05;4.37
80022;Distrito Sintético 22;2014;82163;15971;19.44;2.27
80023;Distrito Sintético 23;2014;92002;13206;14.35;3.3
80024;Distrito Sintético 24;2014;81563;13459;16.5;0.93
80025;Distrito Sintético 25;2014;72305;16837;23.29;3.89
80026;Distrito Sintético 26;2014;67419;13494;20.02;4.33
80027;Distrito Sintético 27;2014;84179;14790;17.57;2.67
80028;Distrito Sintético 28;2014;79049;13325;16.86;4.28
80029;Distrito Sintético 29;2014;71664;17277;24.11;3.03
80030;Distrito Sintético 30;2014;88924;14892;16.75;2.92
80031;Distrito Sintético 31;2014;61406;12909;21.02;4.58
80032;Distrito Sintético 32;2014;71053;13108;18.45;1.2
80033;Distrito Sintético 33;2014;82339;16553;20.1;3.99
80034;Distrito Sintético 34;2014;80297;14590;18.17;3.39
80035;Distrito Sintético 35;2014;93520;18705;20.0;3.09
80036;Distrito Sintético 36;2014;76528;13469;17.6;1.38
80037;Distrito Sintético 37;2014;79531;17378;21.85;0.91
80038;Distrito Sintético 38;2014;77143;13021;16.88;1.27
80039;Distrito Sintético 39;2014;78494;16881;21.51;0.92
80040;Distrito Sintético 40;2014;79304;17000;21.44;4.07
80041;Distrito Sintético 41;2014;80022;14048;17.56;4.17
80042;Distrito Sintético 42;2014;84218;13886;16.49;3.28
80043;Distrito Sintético 43;2014;70640;17405;24.64;2.7
80044;Distrito Sintético 44;2014;79782;17734;22.23;2.62
80045;Distrito Sintético 45;2014;83996;20424;24.32;2.85
80046;Distrito Sintético 46;2014;85883;16369;19.06;2.37
80047;Distrito Sintético 47;2014;81782;19515;23.86;1.32
80048;Distrito Sintético 48;2014;83475;19566;23.44;4.52
80049;Distrito Sintético 49;2014;80368;19844;24.69;4.87
80050;Distrito Sintético 50;2014;73603;12458;16.93;3.63
80051;Distrito Sintético 51;2014;73533;13365;18.18;0.91
80052;Distrito Sintético 52;2014;78509;17589;22.4;2.33
80053;Distrito Sintético 53;2014;84225;13036;15.48;2.4
80054;Distrito Sintético 54;2014;78118;14905;19.08;2.94
80055;Distrito Sintético 55;2014;78288;13563;17.32;2.29
80056;Distrito Sintético 56;2014;72524;11292;15.57;4.94
80057;Distrito Sintético 57;2014;96145;14291;14.86;2.24
80058;Distrito Sintético 58;2014;72411;11065;15.28;3.49
80059;Distrito Sintético 59;2014;79632;17159;21.55;3.41
80060;Distrito Sintético 60;2014;85850;12694;14.79;1.78
80061;Distrito Sintético 61;2014;90854;19391;21.34;1.96
80062;Distrito Sintético 62;2014;84997;16302;19.18;3.09
80063;Distrito Sintético 63;2014;79506;10125;12.73;0.52
80064;Distrito Sintético 64;2014;87496;17607;20.12;3.86
80065;Distrito Sintético 65;2014;77602;16613;21.41;4.69
80066;Distrito Sintético 66;2014;75817;13611;17.95;1.22
80067;Distrito Sintético 67;2014;90217;15842;17.56;2.08
80068;Distrito Sintético 68;2014;88091;14630;16.61;2.24
80069;Distrito Sintético 69;2014;90672;16979;18.73;4.18
80070;Distrito Sintético 70;2014;82242;15770;19.18;3.34
80071;Distrito Sintético 71;2014;83298;17335;20.81;3.75
80072;Distrito Sintético 72;2014;91314;17529;19.2;4.19
80073;Distrito Sintético 73;2014;71417;15719;22.01;3.22
80074;Distrito Sintético 74;2014;85556;19040;22.25;3.01
80075;Distrito Sintético 75;2014;81501;14517;17.81;4.12
80076;Distrito Sintético 76;2014;87266;15255;17.48;2.88
80077;Distrito Sintético 77;2014;79530;16229;20.41;4.81
80078;Distrito Sintético 78;2014;73677;18554;25.18;2.62
80079;Distrito Sintético 79;2014;67120;11705;17.44;0.84
80080;Distrito Sintético 80;2014;70397;10594;15.05;3.94
80081;Distrito Sintético 81;2014;71667;10078;14.06;4.17
80082;Distrito Sintético 82;2014;88437;15911;17.99;1.41
80083;Distrito Sintético 83;2014;81053;16389;20.22;3.68
80084;Distrito Sintético 84;2014;63435;19119;30.14;1.55
80085;Distrito Sintético 85;2014;83037;11270;13.57;3.97
80086;Distrito Sintético 86;2014;88119;18622;21.13;1.36
80087;Distrito Sintético 87;2014;63577;9333;14.68;1.03
80088;Distrito Sintético 88;2014;72184;13450;18.63;1.6
80089;Distrito Sintético 89;2014;93254;16040;17.2;1.03
80090;Distrito Sintético 90;2014;79875;20001;25.04;3.63
80091;Distrito Sintético 91;2014;80347;12572;15.65;3.59
80092;Distrito Sintético 92;2014;71496;19383;27.11;2.7
80093;Distrito Sintético 93;2014;84905;14057;16.56;0.73
80094;Distrito Sintético 94;2014;85158;12875;15.12;3.74
80095;Distrito Sintético 95;2014;66274;12807;19.32;1.79
80096;Distrito Sintético 96;2014;73869;15347;20.78;1.89
80001;Distrito Sintético 1;2015;90098;17370;19.28;4.48
80002;Distrito Sintético 2;2015;93299;19484;20.88;2.88
80003;Distrito Sintético 3;2015;85178;12507;14.68;4.67
80004;Distrito Sintético 4;2015;81697;17529;21.46;4.54
80005;Distrito Sintético 5;2015;62331;12735;20.43;3.07
80006;Distrito Sintético 6;2015;82403;16726;20.3;3.45
80007;Distrito Sintético 7;2015;79977;17302;21.63;4.27
80008;Distrito Sintético 8;2015;68565;16211;23.64;1.76
80009;Distrito Sintético 9;2015;73990;12483;16.87;3.1
80010;Distrito Sintético 10;2015;72460;14839;20.48;3.23
80011;Distrito Sintético 11;2015;85924;18292;21.29;0.9
80012;Distrito Sintético 12;2015;87174;14176;16.26;1.58
80013;Distrito Sintético 13;2015;61252;13515;22.06;3.79
80014;Distrito Sintético 14;2015;77149;15263;19.78;1.52
80015;Distrito Sintético 15;2015;74584;16352;21.92;2.64
80016;Distrito Sintético 16;2015;79421;14644;18.44;3.24
80017;Distrito Sintético 17;2015;85014;12069;14.2;2.32
80018;Distrito Sintético 18;2015;83748;10944;13.07;4.88
80019;Distrito Sintético 19;2015;94218;19604;20.81;2.01
80020;Distrito Sintético 20;2015;79572;16868;21.2;0.51
80021;Distrito Sintético 21;2015;80494;16702;20.75;3.27
80022;Distrito Sintético 22;2015;78444;13583;17.32;2.29
80023;Distrito Sintético 23;2015;79913;14392;18.01;0.74
80024;Distrito Sintético 24;2015;77955;11921;15.29;2.43
80025;Distrito Sintético 25;2015;90672;20411;22.51;1.77
80026;Distrito Sintético 26;2015;92007;18053;19.62;0.53
80027;Distrito Sintético 27;2015;68588;15816;23.06;1.44
80028;Distrito Sintético 28;2015;80428;18281;22.73;0.63
80029;Distrito Sintético 29;2015;71961;16228;22.55;3.89
80030;Distrito Sintético 30;2015;79011;14462;18.3;2.67
80031;Distrito Sintético 31;2015;77657;10373;13.36;2.42
80032;Distrito Sintético 32;2015;91386;20890;22.86;3.72
80033;Distrito Sintético 33;2015;67807;12151;17.92;0.89
80034;Distrito Sintético 34;2015;79334;16514;20.82;4.83
80035;Distrito Sintético 35;2015;76720;12446;16.22;2.22
80036;Distrito Sintético 36;2015;85140;14515;17.05;3.83
80037;Distrito Sintético 37;2015;78578;12262;15.6;2.26
80038;Distrito Sintético 38;2015;88127;17805;20.2;0.7
80039;Distrito Sintético 39;2015;74526;14779;19.83;1.78
80040;Distrito Sintético 40;2015;74817;14634;19.56;3.01
80041;Distrito Sintético 41;2015;81817;16763;20.49;1.47
80042;Distrito Sintético 42;2015;94337;15423;16.35;4.95
80043;Distrito Sintético 43;2015;75694;16043;21.19;1.76
80044;Distrito Sintético 44;2015;98084;22643;23.09;4.18
80045;Distrito Sintético 45;2015;89835;12366;13.77;2.77
80046;Distrito Sintético 46;2015;89574;17688;19.75;3.47
80047;Distrito Sintético 47;2015;83648;14494;17.33;0.98
80048;Distrito Sintético 48;2015;82178;14706;17.9;1.88
80049;Distrito Sintético 49;2015;88444;19035;21.52;1.84
80050;Distrito Sintético 50;2015;82742;16761;20.26;4.83
80051;Distrito Sintético 51;2015;89607;15953;17.8;1.6
80052;Distrito Sintético 52;2015;75139;16979;22.6;3.93
80053;Distrito Sintético 53;2015;85657;16578;19.35;4.69
80054;Distrito Sintético 54;2015;82208;17638;21.46;4.27
80055;Distrito Sintético 55;2015;79950;14711;18.4;1.92
80056;Distrito Sintético 56;2015;77627;13569;17.48;3.42
80057;Distrito Sintético 57;2015;85547;13408;15.67;3.73
80058;Distrito Sintético 58;2015;82641;13230;16.01;3.99
80059;Distrito Sintético 59;2015;85863;11904;13.86;2.08
80060;Distrito Sintético 60;2015;83986;12645;15.06;1.15
80061;Distrito Sintético 61;2015;86062;14099;16.38;1.53
80062;Distrito Sintético 62;2015;60744;9801;16.13;1.43
80063;Distrito Sintético 63;2015;77607;12790;16.48;2.91
80064;Distrito Sintético 64;2015;92557;18066;19.52;0.77
80065;Distrito Sintético 65;2015;91207;17076;18.72;4.32
80066;Distrito Sintético 66;2015;78870;13910;17.64;3.94
80067;Distrito Sintético 67;2015;79828;12445;15.59;2.73
80068;Distrito Sintético 68;2015;72871;15243;20.92;3.28
80069;Distrito Sintético 69;2015;72538;10413;14.36;2.81
80070;Distrito Sintético 70;2015;80266;14381;17.92;0.7
80071;Distrito Sintético 71;2015;76690;19883;25.93;4.33
80072;Distrito Sintético 72;2015;78227;16057;20.53;1.44
80073;Distrito Sintético 73;2015;72752;12196;16.76;3.62
80074;Distrito Sintético 74;2015;72375;13844;19.13;4.61
80075;Distrito Sintético 75;2015;78478;10682;13.61;0.55
80076;Distrito Sintético 76;2015;81053;17717;21.86;1.47
80077;Distrito Sintético 77;2015;84260;14005;16.62;0.51
80078;Distrito Sintético 78;2015;79042;16366;20.71;4.74
80079;Distrito Sintético 79;2015;64354;12187;18.94;3.35
80080;Distrito Sintético 80;2015;85876;20297;23.64;4.17
80081;Distrito Sintético 81;2015;80957;13294;16.42;2.08
80082;Distrito Sintético 82;2015;82116;17110;20.84;2.58
80083;Distrito Sintético 83;2015;81501;17473;21.44;2.31
80084;Distrito Sintético 84;2015;74692;13647;18.27;1.65
80085;Distrito Sintético 85;2015;83833;12634;15.07;3.52
80086;Distrito Sintético 86;2015;82734;14276;17.26;2.82
80087;Distrito Sintético 87;2015;67855;16582;24.44;2.78
80088;Distrito Sintético 88;2015;81426;18968;23.29;1.01
80089;Distrito Sintético 89;2015;84920;13145;15.48;3.47
80090;Distrito Sintético 90;2015;80078;12684;15.84;3.18
80091;Distrito Sintético 91;2015;87722;15329;17.47;2.67
80092;Distrito Sintético 92;2015;76562;12353;16.13;4.03
80093;Distrito Sintético 93;2015;83636;20975;25.08;4.97
80094;Distrito Sintético 94;2015;72434;14221;19.63;1.51
80095;Distrito Sintético 95;2015;70529;13292;18.85;1.16
80096;Distrito Sintético 96;2015;82631;15302;18.52;0.98
80001;Distrito Sintético 1;2016;101960;18905;18.54;3.2
80002;Distrito Sintético 2;2016;89756;19185;21.37;0.74
80003;Distrito Sintético 3;2016;63811;16505;25.87;3.3
80004;Distrito Sintético 4;2016;80753;20889;25.87;1.02
80005;Distrito Sintético 5;2016;102613;19664;19.16;3.21
80006;Distrito Sintético 6;2016;79363;14259;17.97;2.87
80007;Distrito Sintético 7;2016;67826;16344;24.1;1.12
80008;Distrito Sintético 8;2016;89664;15634;17.44;3.59
80009;Distrito Sintético 9;2016;79405;12715;16.01;3.0
80010;Distrito Sintético 10;2016;84416;14402;17.06;4.46
80011;Distrito Sintético 11;2016;80557;15725;19.52;3.08
80012;Distrito Sintético 12;2016;82070;10782;13.14;4.57
80013;Distrito Sintético 13;2016;72823;10061;13.82;4.9
80014;Distrito Sintético 14;2016;80532;10343;12.84;4.28
80015;Distrito Sintético 15;2016;94759;19948;21.05;1.76
80016;Distrito Sintético 16;2016;80798;16418;20.32;3.3
80017;Distrito Sintético 17;2016;70503;10684;15.15;3.26
80018;Distrito Sintético 18;2016;90618;14772;16.3;4.27
80019;Distrito Sintético 19;2016;79937;12546;15.69;1.49
80020;Distrito Sintético 20;2016;79712;18101;22.71;2.23
80021;Distrito Sintético 21;2016;78828;11167;14.17;4.87
80022;Distrito Sintético 22;2016;76240;12932;16.96;4.57
80023;Distrito Sintético 23;2016;77669;14505;18.68;3.21
80024;Distrito Sintético 24;2016;79042;19317;24.44;3.33
80025;Distrito Sintético 25;2016;86203;14900;17.28;2.4
80026;Distrito Sintético 26;2016;81652;20447;25.04;1.01
80027;Distrito Sintético 27;2016;92089;14884;16.16;3.26
80028;Distrito Sintético 28;2016;78785;14143;17.95;0.66
80029;Distrito Sintético 29;2016;86891;12960;14.92;4.53
80030;Distrito Sintético 30;2016;97142;19973;20.56;2.84
80031;Distrito Sintético 31;2016;85952;14868;17.3;1.2
80032;Distrito Sintético 32;2016;74426;17388;23.36;3.98
80033;Distrito Sintético 33;2016;86375;10110;11.7;1.16
80034;Distrito Sintético 34;2016;92279;12653;13.71;4.31
80035;Distrito Sintético 35;2016;88809;11408;12.85;2.99
80036;Distrito Sintético 36;2016;73114;14424;19.73;3.68
80037;Distrito Sintético 37;2016;78474;13752;17.52;1.32
80038;Distrito Sintético 38;2016;79952;17404;21.77;2.18
80039;Distrito Sintético 39;2016;78113;15885;20.34;2.56
80040;Distrito Sintético 40;2016;75242;16155;21.47;1.97
80041;Distrito Sintético 41;2016;85965;16678;19.4;2.74
80042;Distrito Sintético 42;2016;87955;16764;19.06;1.11
80043;Distrito Sintético 43;2016;88932;14737;16.57;3.61
80044;Distrito Sintético 44;2016;75294;18016;23.93;2.0
80045;Distrito Sintético 45;2016;86469;18737;21.67;1.09
80046;Distrito Sintético 46;2016;80757;13331;16.51;3.37
80047;Distrito Sintético 47;2016;93428;11678;12.5;0.63
80048;Distrito Sintético 48;2016;86435;14184;16.41;0.79
80049;Distrito Sintético 49;2016;88932;18194;20.46;2.95
80050;Distrito Sintético 50;2016;87443;12221;13.98;4.61
80051;Distrito Sintético 51;2016;80883;12466;15.41;4.27
80052;Distrito Sintético 52;2016;78689;17225;21.89;2.5
80053;Distrito Sintético 53;2016;83442;14636;17.54;0.71
80054;Distrito Sintético 54;2016;78731;12513;15.89;3.28
80055;Distrito Sintético 55;2016;81012;13578;16.76;2.12
80056;Distrito Sintético 56;2016;72777;13824;19.0;3.97
80057;Distrito Sintético 57;2016;82879;15373;18.55;4.06
80058;Distrito Sintético 58;2016;82693;15952;19.29;2.73
80059;Distrito Sintético 59;2016;92037;19579;21.27;2.69
80060;Distrito Sintético 60;2016;91048;18206;20.0;3.77
80061;Distrito Sintético 61;2016;71961;12494;17.36;4.5
80062;Distrito Sintético 62;2016;87355;19946;22.83;2.96
80063;Distrito Sintético 63;2016;95313;12128;12.72;4.02
80064;Distrito Sintético 64;2016;69627;10765;15.46;2.62
80065;Distrito Sintético 65;2016;81873;17221;21.03;1.35
80066;Distrito Sintético 66;2016;77926;14834;19.04;0.54
80067;Distrito Sintético 67;2016;86870;15946;18.36;3.32
80068;Distrito Sintético 68;2016;80936;17241;21.3;4.18
80069;Distrito Sintético 69;2016;74442;15963;21.44;2.76
80070;Distrito Sintético 70;2016;80423;13299;16.54;3.21
80071;Distrito Sintético 71;2016;75899;14200;18.71;1.09
80072;Distrito Sintético 72;2016;69955;16329;23.34;4.62
80073;Distrito Sintético 73;2016;76498;14300;18.69;2.26
80074;Distrito Sintético 74;2016;88846;14904;16.78;2.41
80075;Distrito Sintético 75;2016;88578;21166;23.9;1.09
80076;Distrito Sintético 76;2016;86604;13940;16.1;2.01
80077;Distrito Sintético 77;2016;80628;13780;17.09;2.79
80078;Distrito Sintético 78;2016;82791;12655;15.29;2.93
80079;Distrito Sintético 79;2016;74606;14130;18.94;2.19
80080;Distrito Sintético 80;2016;83655;10691;12.78;2.48
80081;Distrito Sintético 81;2016;71259;14365;20.16;2.76
80082;Distrito Sintético 82;2016;77285;15837;20.49;3.98
80083;Distrito Sintético 83;2016;75321;11955;15.87;3.93
80084;Distrito Sintético 84;2016;85059;12911;15.18;4.88
80085;Distrito Sintético 85;2016;72491;18948;26.14;2.3
80086;Distrito Sintético 86;2016;87661;16654;19.0;4.35
80087;Distrito Sintético 87;2016;76686;12958;16.9;3.38
80088;Distrito Sintético 88;2016;75111;17752;23.63;2.44
80089;Distrito Sintético 89;2016;76404;14129;18.49;0.8
80090;Distrito Sintético 90;2016;88633;15719;17.73;3.65
80091;Distrito Sintético 91;2016;78337;16426;20.97;3.86
80092;Distrito Sintético 92;2016;72050;19105;26.52;4.63
80093;Distrito Sintético 93;2016;80010;13052;16.31;0.54
80094;Distrito Sintético 94;2016;72026;10820;15.02;1.48
80095;Distrito Sintético 95;2016;78712;11809;15.0;0.85
80096;Distrito Sintético 96;2016;77779;19113;24.57;3.74
80001;Distrito Sintético 1;2017;79299;19741;24.89;1.84
80002;Distrito Sintético 2;2017;85439;17068;19.98;0.75
80003;Distrito Sintético 3;2017;82148;22068;26.86;1.42
80004;Distrito Sintético 4;2017;93624;13821;14.76;3.01
80005;Distrito Sintético 5;2017;70130;16444;23.45;0.51
80006;Distrito Sintético 6;2017;75762;20452;27.0;2.09
80007;Distrito Sintético 7;2017;78479;17473;22.26;1.42
80008;Distrito Sintético 8;2017;75039;12814;17.08;2.09
80009;Distrito Sintético 9;2017;79702;17271;21.67;4.63
80010;Distrito Sintético 10;2017;83227;17692;21.26;0.55
80011;Distrito Sintético 11;2017;84927;11072;13.04;2.12
80012;Distrito Sintético 12;2017;79435;13181;16.59;2.9
80013;Distrito Sintético 13;2017;75954;9377;12.35;2.17
80014;Distrito Sintético 14;2017;85323;11609;13.61;1.36
80015;Distrito Sintético 15;2017;83121;10716;12.89;3.59
80016;Distrito Sintético 16;2017;85812;21227;24.74;1.94
80017;Distrito Sintético 17;2017;91243;22082;24.2;4.51
80018;Distrito Sintético 18;2017;79741;11841;14.85;1.82
80019;Distrito Sintético 19;2017;76745;7459;9.72;1.33
80020;Distrito Sintético 20;2017;92231;17857;19.36;1.98
80021;Distrito Sintético 21;2017;87704;14732;16.8;0.81
80022;Distrito Sintético 22;2017;82311;12847;15.61;4.62
80023;Distrito Sintético 23;2017;94734;17461;18.43;4.61
80024;Distrito Sintético 24;2017;78127;17359;22.22;4.99
80025;Distrito Sintético 25;2017;89183;14620;16.39;2.49
80026;Distrito Sintético 26;2017;74510;12899;17.31;2.84
80027;Distrito Sintético 27;2017;67993;8941;13.15;1.48
80028;Distrito Sintético 28;2017;70583;14722;20.86;4.81
80029;Distrito Sintético 29;2017;69772;11786;16.89;4.1
80030;Distrito Sintético 30;2017;78670;13407;17.04;2.25
80031;Distrito Sintético 31;2017;81922;13387;16.34;0.94
80032;Distrito Sintético 32;2017;81263;19767;24.32;2.85
80033;Distrito Sintético 33;2017;75884;13003;17.14;4.89
80034;Distrito Sintético 34;2017;85391;19581;22.93;1.34
80035;Distrito Sintético 35;2017;76963;15577;20.24;2.12
80036;Distrito Sintético 36;2017;81043;16936;20.9;3.56
80037;Distrito Sintético 37;2017;76052;17430;22.92;2.8
80038;Distrito Sintético 38;2017;78258;16485;21.06;1.03
80039;Distrito Sintético 39;2017;89441;16860;18.85;3.65
80040;Distrito Sintético 40;2017;79273;18580;23.44;3.18
80041;Distrito Sintético 41;2017;82573;13618;16.49;3.63
80042;Distrito Sintético 42;2017;80253;15693;19.55;3.89
80043;Distrito Sintético 43;2017;78737;12516;15.9;3.4
80044;Distrito Sintético 44;2017;93475;17940;19.19;2.15
80045;Distrito Sintético 45;2017;91569;17213;18.8;1.67
80046;Distrito Sintético 46;2017;77021;13280;17.24;3.77
80047;Distrito Sintético 47;2017;83021;16024;19.3;3.92
80048;Distrito Sintético 48;2017;87513;15986;18.27;3.17
80049;Distrito Sintético 49;2017;87292;11758;13.47;3.91
80050;Distrito Sintético 50;2017;75880;12218;16.1;2.42
80051;Distrito Sintético 51;2017;78553;14200;18.08;1.67
80052;Distrito Sintético 52;2017;73529;10997;14.96;3.72
80053;Distrito Sintético 53;2017;84440;14324;16.96;1.98
80054;Distrito Sintético 54;2017;74906;18027;24.07;4.7
80055;Distrito Sintético 55;2017;85580;14206;16.6;0.6
80056;Distrito Sintético 56;2017;83068;15872;19.11;3.83
80057;Distrito Sintético 57;2017;84893;10779;12.7;3.56
80058;Distrito Sintético 58;2017;76380;16174;21.18;3.7
80059;Distrito Sintético 59;2017;90869;16322;17.96;0.81
80060;Distrito Sintético 60;2017;90056;19611;21.78;4.69
80061;Distrito Sintético 61;2017;67576;11217;16.6;4.65
80062;Distrito Sintético 62;2017;85478;17591;20.58;4.08
80063;Distrito Sintético 63;2017;79767;13256;16.62;3.77
80064;Distrito Sintético 64;2017;84946;14112;16.61;3.02
80065;Distrito Sintético 65;2017;76085;15348;20.17;2.79
80066;Distrito Sintético 66;2017;92503;12722;13.75;3.68
80067;Distrito Sintético 67;2017;84425;16257;19.26;2.79
80068;Distrito Sintético 68;2017;88800;20401;22.97;1.81
80069;Distrito Sintético 69;2017;99094;17629;17.79;3.72
80070;Distrito Sintético 70;2017;88634;16698;18.84;1.76
80071;Distrito Sintético 71;2017;78258;16298;20.83;4.92
80072;Distrito Sintético 72;2017;80466;15119;18.79;4.5
80073;Distrito Sintético 73;2017;94688;14971;15.81;2.13
80074;Distrito Sintético 74;2017;81271;16141;19.86;3.7
80075;Distrito Sintético 75;2017;73081;11844;16.21;4.22
80076;Distrito Sintético 76;2017;69632;14916;21.42;1.9
80077;Distrito Sintético 77;2017;93993;17801;18.94;1.32
80078;Distrito Sintético 78;2017;88549;13963;15.77;3.16
80079;Distrito Sintético 79;2017;90126;17298;19.19;3.34
80080;Distrito Sintético 80;2017;85964;17667;20.55;1.21
80081;Distrito Sintético 81;2017;79762;12799;16.05;1.2
80082;Distrito Sintético 82;2017;82576;15579;18.87;2.31
80083;Distrito Sintético 83;2017;91304;14009;15.34;3.12
80084;Distrito Sintético 84;2017;74689;14281;19.12;1.14
80085;Distrito Sintético 85;2017;90261;14605;16.18;3.94
80086;Distrito Sintético 86;2017;81839;17928;21.91;1.5
80087;Distrito Sintético 87;2017;73564;12011;16.33;3.82
80088;Distrito Sintético 88;2017;75920;16041;21.13;4.53
80089;Distrito Sintético 89;2017;78695;14071;17.88;3.33
80090;Distrito Sintético 90;2017;76513;13916;18.19;1.22
80091;Distrito Sintético 91;2017;77619;16629;21.42;4.88
80092;Distrito Sintético 92;2017;79488;16588;20.87;2.46
80093;Distrito Sintético 93;2017;69741;15613;22.39;2.92
80094;Distrito Sintético 94;2017;78704;16491;20.95;2.99
80095;Distrito Sintético 95;2017;82912;15518;18.72;2.06
80096;Distrito Sintético 96;2017;76670;15732;20.52;0.94
80001;Distrito Sintético 1;2018;82023;16714;20.38;0.69
80002;Distrito Sintético 2;2018;81284;18852;23.19;3.67
80003;Distrito Sintético 3;2018;83228;12440;14.95;1.51
80004;Distrito Sintético 4;2018;73630;9963;13.53;3.18
80005;Distrito Sintético 5;2018;82196;12212;14.86;0.84
80006;Distrito Sintético 6;2018;78076;18856;24.15;1.33
80007;Distrito Sintético 7;2018;77969;11136;14.28;4.18
80008;Distrito Sintético 8;2018;83199;15251;18.33;2.08
80009;Distrito Sintético 9;2018;85654;20067;23.43;4.54
80010;Distrito Sintético 10;2018;82494;14279;17.31;0.6
80011;Distrito Sintético 11;2018;76678;11300;14.74;3.94
80012;Distrito Sintético 12;2018;80112;17320;21.62;1.79
80013;Distrito Sintético 13;2018;80848;10995;13.6;4.35
80014;Distrito Sintético 14;2018;72380;11917;16.46;4.08
80015;Distrito Sintético 15;2018;98624;15354;15.57;2.79
80016;Distrito Sintético 16;2018;80315;14325;17.84;1.17
80017;Distrito Sintético 17;2018;76883;19021;24.74;3.9
80018;Distrito Sintético 18;2018;82787;12880;15.56;4.08
80019;Distrito Sintético 19;2018;80379;17568;21.86;0.58
80020;Distrito Sintético 20;2018;63747;11847;18.58;4.46
80021;Distrito Sintético 21;2018;87436;12566;14.37;3.27
80022;Distrito Sintético 22;2018;89217;16664;18.68;2.77
80023;Distrito Sintético 23;2018;79027;16996;21.51;3.01
80024;Distrito Sintético 24;2018;86166;14685;17.04;4.46
80025;Distrito Sintético 25;2018;78963;11286;14.29;4.22
80026;Distrito Sintético 26;2018;81056;14738;18.18;4.55
80027;Distrito Sintético 27;2018;83235;12818;15.4;1.44
80028;Distrito Sintético 28;2018;78622;16422;20.89;4.31
80029;Distrito Sintético 29;2018;84465;14535;17.21;3.23
80030;Distrito Sintético 30;2018;82139;14792;18.01;1.7
80031;Distrito Sintético 31;2018;82274;16858;20.49;3.38
80032;Distrito Sintético 32;2018;78612;16876;21.47;2.29
80033;Distrito Sintético 33;2018;84420;19161;22.7;2.95
80034;Distrito Sintético 34;2018;76705;14979;19.53;2.1
80035;Distrito Sintético 35;2018;97060;11794;12.15;1.11
80036;Distrito Sintético 36;2018;86953;13129;15.1;3.49
80037;Distrito Sintético 37;2018;77002;18430;23.93;1.21
80038;Distrito Sintético 38;2018;98306;24172;24.59;4.24
80039;Distrito Sintético 39;2018;68632;14773;21.52;4.07
80040;Distrito Sintético 40;2018;75734;9288;12.26;3.14
80041;Distrito Sintético 41;2018;81276;10386;12.78;0.99
80042;Distrito Sintético 42;2018;80453;13120;16.31;3.92
80043;Distrito Sintético 43;2018;83748;14264;17.03;4.82
80044;Distrito Sintético 44;2018;88240;16264;18.43;4.24
80045;Distrito Sintético 45;2018;82707;15750;19.04;4.29
80046;Distrito Sintético 46;2018;70931;13019;18.35;1.93
80047;Distrito Sintético 47;2018;89512;15383;17.19;4.05
80048;Distrito Sintético 48;2018;94563;16756;17.72;4.18
80049;Distrito Sintético 49;2018;73036;10991;15.05;4.76
80050;Distrito Sintético 50;2018;64555;11818;18.31;4.11
80051;Distrito Sintético 51;2018;72680;10019;13.79;2.33
80052;Distrito Sintético 52;2018;76998;13130;17.05;4.28
80053;Distrito Sintético 53;2018;80656;13766;17.07;2.59
80054;Distrito Sintético 54;2018;70044;14313;20.43;1.23
80055;Distrito Sintético 55;2018;78508;18673;23.78;0.57
80056;Distrito Sintético 56;2018;86237;15958;18.5;0.78
80057;Distrito Sintético 57;2018;97725;12632;12.93;2.46
80058;Distrito Sintético 58;2018;78281;15063;19.24;2.69
80059;Distrito Sintético 59;2018;75453;15522;20.57;3.01
80060;Distrito Sintético 60;2018;84471;12953;15.33;4.03
80061;Distrito Sintético 61;2018;75749;10834;14.3;3.2
80062;Distrito Sintético 62;2018;73576;11063;15.04;1.42
80063;Distrito Sintético 63;2018;92896;14818;15.95;1.37
80064;Distrito Sintético 64;2018;81488;12628;15.5;1.49
80065;Distrito Sintético 65;2018;85844;13144;15.31;4.18
80066;Distrito Sintético 66;2018;74246;12185;16.41;0.93
80067;Distrito Sintético 67;2018;90451;11204;12.39;4.52
80068;Distrito Sintético 68;2018;82417;15725;19.08;1.32
80069;Distrito Sintético 69;2018;78286;13195;16.85;4.63
80070;Distrito Sintético 70;2018;79916;13130;16.43;4.9
80071;Distrito Sintético 71;2018;86121;15083;17.51;2.61
80072;Distrito Sintético 72;2018;88318;18174;20.58;3.73
80073;Distrito Sintético 73;2018;80107;16582;20.7;4.07
80074;Distrito Sintético 74;2018;76022;14493;19.06;0.92
80075;Distrito Sintético 75;2018;72625;14900;20.52;2.89
80076;Distrito Sintético 76;2018;85189;15068;17.69;1.74
80077;Distrito Sintético 77;2018;81131;16161;19.92;2.73
80078;Distrito Sintético 78;2018;85494;13406;15.68;3.11
80079;Distrito Sintético 79;2018;84044;15312;18.22;0.58
80080;Distrito Sintético 80;2018;75099;17266;22.99;1.18
80081;Distrito Sintético 81;2018;82330;18723;22.74;0.95
80082;Distrito Sintético 82;2018;70636;17087;24.19;4.32
80083;Distrito Sintético 83;2018;78442;14412;18.37;1.8
80084;Distrito Sintético 84;2018;80330;17015;21.18;3.06
80085;Distrito Sintético 85;2018;75800;13481;17.78;0.77
80086;Distrito Sintético 86;2018;93176;13979;15.0;4.83
80087;Distrito Sintético 87;2018;86131;19125;22.2;2.04
80088;Distrito Sintético 88;2018;83577;12571;15.04;1.95
80089;Distrito Sintético 89;2018;86269;21166;24.53;2.82
80090;Distrito Sintético 90;2018;89420;17291;19.34;2.8
80091;Distrito Sintético 91;2018;75552;17216;22.79;1.96
80092;Distrito Sintético 92;2018;84150;18346;21.8;2.59
80093;Distrito Sintético 93;2018;70692;9381;13.27;4.89
80094;Distrito Sintético 94;2018;72209;13468;18.65;4.93
80095;Distrito Sintético 95;2018;76342;12526;16.41;0.6
80096;Distrito Sintético 96;2018;90149;12672;14.06;1.2
80001;Distrito Sintético 1;2019;78614;10394;13.22;4.15
80002;Distrito Sintético 2;2019;82989;17263;20.8;4.8
80003;Distrito Sintético 3;2019;86225;18229;21.14;2.54
80004;Distrito Sintético 4;2019;87501;20988;23.99;4.23
80005;Distrito Sintético 5;2019;80788;15953;19.75;4.69
80006;Distrito Sintético 6;2019;86762;18191;20.97;2.06
80007;Distrito Sintético 7;2019;75553;15057;19.93;0.69
80008;Distrito Sintético 8;2019;72136;12452;17.26;4.02
80009;Distrito Sintético 9;2019;86031;16699;19.41;3.38
80010;Distrito Sintético 10;2019;82093;17450;21.26;1.4
80011;Distrito Sintético 11;2019;79493;14925;18.78;3.56
80012;Distrito Sintético 12;2019;76009;9629;12.67;4.0
80013;Distrito Sintético 13;2019;81219;13717;16.89;0.5
80014;Distrito Sintético 14;2019;76395;15004;19.64;4.88
80015;Distrito Sintético 15;2019;89976;13602;15.12;2.38
80016;Distrito Sintético 16;2019;82029;15030;18.32;4.88
80017;Distrito Sintético 17;2019;77351;16316;21.09;4.27
80018;Distrito Sintético 18;2019;85664;20567;24.01;3.58
80019;Distrito Sintético 19;2019;95948;14135;14.73;2.94
80020;Distrito Sintético 20;2019;66863;15114;22.6;2.13
80021;Distrito Sintético 21;2019;76134;15988;21.0;0.77
80022;Distrito Sintético 22;2019;92561;16682;18.02;3.7
80023;Distrito Sintético 23;2019;88555;16071;18.15;4.71
80024;Distrito Sintético 24;2019;82162;14851;18.08;3.31
80025;Distrito Sintético 25;2019;85546;17130;20.02;3.74
80026;Distrito Sintético 26;2019;83814;18469;22.04;1.39
80027;Distrito Sintético 27;2019;90302;15417;17.07;0.81
80028;Distrito Sintético 28;2019;95564;13532;14.16;2.91
80029;Distrito Sintético 29;2019;84067;21714;25.83;2.09
80030;Distrito Sintético 30;2019;87794;18231;20.77;4.64
80031;Distrito Sintético 31;2019;71718;16811;23.44;0.82
80032;Distrito Sintético 32;2019;96715;21491;22.22;1.09
80033;Distrito Sintético 33;2019;79167;15631;19.74;4.48
80034;Distrito Sintético 34;2019;90369;16931;18.74;4.99
80035;Distrito Sintético 35;2019;87835;20470;23.31;3.86
80036;Distrito Sintético 36;2019;74959;13350;17.81;4.16
80037;Distrito Sintético 37;2019;77789;15636;20.1;1.8
80038;Distrito Sintético 38;2019;84287;15810;18.76;1.95
80039;Distrito Sintético 39;2019;79829;14569;18.25;2.92
80040;Distrito Sintético 40;2019;84373;16196;19.2;0.97
80041;Distrito Sintético 41;2019;79266;11962;15.09;4.14
80042;Distrito Sintético 42;2019;82101;13794;16.8;3.5
80043;Distrito Sintético 43;2019;88434;21045;23.8;1.28
80044;Distrito Sintético 44;2019;75437;11681;15.48;4.14
80045;Distrito Sintético 45;2019;77260;12964;16.78;4.43
80046;Distrito Sintético 46;2019;82690;13011;15.73;0.6
80047;Distrito Sintético 47;2019;79301;16408;20.69;4.11
80048;Distrito Sintético 48;2019;87199;17008;19.5;4.7
80049;Distrito Sintético 49;2019;65798;14600;22.19;0.8
80050;Distrito Sintético 50;2019;63358;12451;19.65;1.27
80051;Distrito Sintético 51;2019;87825;17911;20.39;1.92
80052;Distrito Sintético 52;2019;72690;15435;21.23;0.63
80053;Distrito Sintético 53;2019;68951;11924;17.29;3.2
80054;Distrito Sintético 54;2019;78426;13311;16.97;0.86
80055;Distrito Sintético 55;2019;81115;13911;17.15;2.67
80056;Distrito Sintético 56;2019;81741;14107;17.26;4.66
80057;Distrito Sintético 57;2019;83006;10506;12.66;3.71
80058;Distrito Sintético 58;2019;88122;16186;18.37;3.04
80059;Distrito Sintético 59;2019;70552;12748;18.07;0.59
80060;Distrito Sintético 60;2019;80012;13861;17.32;4.84
80061;Distrito Sintético 61;2019;85555;17810;20.82;2.6
80062;Distrito Sintético 62;2019;74513;16738;22.46;3.65
80063;Distrito Sintético 63;2019;70156;13746;19.59;0.55
80064;Distrito Sintético 64;2019;87221;17780;20.38;4.97
80065;Distrito Sintético 65;2019;75566;11802;15.62;1.33
80066;Distrito Sintético 66;2019;83822;15217;18.15;1.95
80067;Distrito Sintético 67;2019;84106;20653;24.56;4.27
80068;Distrito Sintético 68;2019;84188;16810;19.97;0.7
80069;Distrito Sintético 69;2019;94609;15069;15.93;4.72
80070;Distrito Sintético 70;2019;86576;18314;21.15;4.16
80071;Distrito Sintético 71;2019;90776;14387;15.85;2.0
80072;Distrito Sintético 72;2019;83024;17474;21.05;0.85
80073;Distrito Sintético 73;2019;67315;15268;22.68;3.59
80074;Distrito Sintético 74;2019;84905;15987;18.83;4.11
80075;Distrito Sintético 75;2019;91760;18249;19.89;3.4
80076;Distrito Sintético 76;2019;77382;9107;11.77;0.67
80077;Distrito Sintético 77;2019;77083;11033;14.31;3.2
80078;Distrito Sintético 78;2019;68686;17349;25.26;1.3
80079;Distrito Sintético 79;2019;95208;15217;15.98;4.31
80080;Distrito Sintético 80;2019;89407;17922;20.05;4.04
80081;Distrito Sintético 81;2019;76509;12583;16.45;1.49
80082;Distrito Sintético 82;2019;86533;24405;28.2;4.46
80083;Distrito Sintético 83;2019;79738;16577;20.79;3.65
80084;Distrito Sintético 84;2019;82187;21148;25.73;3.39
80085;Distrito Sintético 85;2019;85597;14428;16.86;2.68
80086;Distrito Sintético 86;2019;77096;16224;21.04;2.59
80087;Distrito Sintético 87;2019;67699;13495;19.93;3.77
80088;Distrito Sintético 88;2019;76074;12736;16.74;3.33
80089;Distrito Sintético 89;2019;76118;17061;22.41;2.39
80090;Distrito Sintético 90;2019;88268;14265;16.16;0.73
80091;Distrito Sintético 91;2019;86531;15688;18.13;2.11
80092;Distrito Sintético 92;2019;85207;16887;19.82;3.28
80093;Distrito Sintético 93;2019;83177;13825;16.62;4.53
80094;Distrito Sintético 94;2019;93230;14556;15.61;1.08
80095;Distrito Sintético 95;2019;82811;16045;19.38;1.43
80096;Distrito Sintético 96;2019;71085;13850;19.48;4.31
80001;Distrito Sintético 1;2020;78302;15174;19.38;4.07
80002;Distrito Sintético 2;2020;89405;15800;17.67;4.39
80003;Distrito Sintético 3;2020;83359;14227;17.07;1.61
80004;Distrito Sintético 4;2020;79260;15603;19.69;0.82
80005;Distrito Sintético 5;2020;80465;16222;20.16;0.93
80006;Distrito Sintético 6;2020;87254;14544;16.67;3.79
80007;Distrito Sintético 7;2020;90093;14328;15.9;1.96
80008;Distrito Sintético 8;2020;78160;18708;23.94;2.77
80009;Distrito Sintético 9;2020;78719;13880;17.63;1.21
80010;Distrito Sintético 10;2020;86607;12012;13.87;4.62
80011;Distrito Sintético 11;2020;84143;14069;16.72;0.89
80012;Distrito Sintético 12;2020;74399;11199;15.05;3.68
80013;Distrito Sintético 13;2020;93140;16258;17.46;2.91
80014;Distrito Sintético 14;2020;79907;15378;19.24;4.06
80015;Distrito Sintético 15;2020;76151;12444;16.34;0.99
80016;Distrito Sintético 16;2020;75713;16261;21.48;4.79
80017;Distrito Sintético 17;2020;80495;17331;21.53;3.58
80018;Distrito Sintético 18;2020;78217;14291;18.27;3.58
80019;Distrito Sintético 19;2020;81258;14158;17.42;1.71
80020;Distrito Sintético 20;2020;84304;19171;22.74;0.82
80021;Distrito Sintético 21;2020;82764;14746;17.82;3.24
80022;Distrito Sintético 22;2020;86951;18063;20.77;2.35
80023;Distrito Sintético 23;2020;78623;14826;18.86;1.47
80024;Distrito Sintético 24;2020;78037;16538;21.19;0.57
80025;Distrito Sintético 25;2020;66591;14199;21.32;1.68
80026;Distrito Sintético 26;2020;72566;10115;13.94;4.21
80027;Distrito Sintético 27;2020;71480;10959;15.33;3.51
80028;Distrito Sintético 28;2020;69757;15874;22.76;3.23
80029;Distrito Sintético 29;2020;85358;17448;20.44;2.84
80030;Distrito Sintético 30;2020;74896;10907;14.56;1.51
80031;Distrito Sintético 31;2020;73746;14897;20.2;1.93
80032;Distrito Sintético 32;2020;74810;14816;19.8;0.7
80033;Distrito Sintético 33;2020;77041;16962;22.02;4.43
80034;Distrito Sintético 34;2020;83833;17588;20.98;4.89
80035;Distrito Sintético 35;2020;84706;15241;17.99;3.31
80036;Distrito Sintético 36;2020;86989;19689;22.63;3.36
80037;Distrito Sintético 37;2020;95587;15133;15.83;1.59
80038;Distrito Sintético 38;2020;80333;14708;18.31;1.6
80039;Distrito Sintético 39;2020;83019;15618;18.81;3.23
80040;Distrito Sintético 40;2020;81869;18170;22.19;4.45
80041;Distrito Sintético 41;2020;81724;14722;18.01;4.36
80042;Distrito Sintético 42;2020;95760;19543;20.41;0.96
80043;Distrito Sintético 43;2020;80424;14689;18.26;3.83
80044;Distrito Sintético 44;2020;86791;13742;15.83;2.09
80045;Distrito Sintético 45;2020;82581;16567;20.06;1.92
80046;Distrito Sintético 46;2020;83867;18801;22.42;1.76
80047;Distrito Sintético 47;2020;79053;17413;22.03;2.93
80048;Distrito Sintético 48;2020;89534;19163;21.4;2.35
80049;Distrito Sintético 49;2020;92486;13144;14.21;0.75
80050;Distrito Sintético 50;2020;82274;17222;20.93;3.52
80051;Distrito Sintético 51;2020;93486;15438;16.51;4.09
80052;Distrito Sintético 52;2020;76567;11602;15.15;3.82
80053;Distrito Sintético 53;2020;85146;12704;14.92;2.73
80054;Distrito Sintético 54;2020;86965;18782;21.6;2.0
80055;Distrito Sintético 55;2020;85690;17140;20.0;4.72
80056;Distrito Sintético 56;2020;72632;12407;17.08;4.19
80057;Distrito Sintético 57;2020;101127;15958;15.78;0.77
80058;Distrito Sintético 58;2020;79328;19329;24.37;1.21
80059;Distrito Sintético 59;2020;78449;12971;16.53;0.77
80060;Distrito Sintético 60;2020;70136;15350;21.89;4.37
80061;Distrito Sintético 61;2020;93600;17507;18.7;3.18
80062;Distrito Sintético 62;2020;82291;14831;18.02;1.36
80063;Distrito Sintético 63;2020;76792;15717;20.47;4.98
80064;Distrito Sintético 64;2020;87952;14455;16.44;3.71
80065;Distrito Sintético 65;2020;80400;12452;15.49;4.05
80066;Distrito Sintético 66;2020;84082;12762;15.18;0.6
80067;Distrito Sintético 67;2020;79044;12692;16.06;0.73
80068;Distrito Sintético 68;2020;78410;12634;16.11;2.38
80069;Distrito Sintético 69;2020;95272;16052;16.85;2.96
80070;Distrito Sintético 70;2020;73908;13586;18.38;4.09
80071;Distrito Sintético 71;2020;75007;13073;17.43;0.56
80072;Distrito Sintético 72;2020;79814;10014;12.55;1.47
80073;Distrito Sintético 73;2020;91760;16319;17.78;4.14
80074;Distrito Sintético 74;2020;83864;14641;17.46;2.8
80075;Distrito Sintético 75;2020;71127;15182;21.34;2.02
80076;Distrito Sintético 76;2020;77811;11936;15.34;1.23
80077;Distrito Sintético 77;2020;101857;15577;15.29;1.0
80078;Distrito Sintético 78;2020;87301;16430;18.82;1.63
80079;Distrito Sintético 79;2020;90975;14967;16.45;2.61
80080;Distrito Sintético 80;2020;86457;11721;13.56;1.93
80081;Distrito Sintético 81;2020;75942;14331;18.87;4.18
80082;Distrito Sintético 82;2020;75582;15882;21.01;4.68
80083;Distrito Sintético 83;2020;80755;17050;21.11;4.4
80084;Distrito Sintético 84;2020;87501;18432;21.06;4.28
80085;Distrito Sintético 85;2020;75038;11468;15.28;4.58
80086;Distrito Sintético 86;2020;72224;14179;19.63;1.15
80087;Distrito Sintético 87;2020;86383;13386;15.5;2.19
80088;Distrito Sintético 88;2020;63685;9815;15.41;4.89
80089;Distrito Sintético 89;2020;77378;16247;21.0;1.44
80090;Distrito Sintético 90;2020;81474;14907;18.3;1.2
80091;Distrito Sintético 91;2020;75029;13659;18.2;1.04
80092;Distrito Sintético 92;2020;75008;13918;18.56;2.36
80093;Distrito Sintético 93;2020;66741;12861;19.27;0.53
80094;Distrito Sintético 94;2020;74333;14014;18.85;1.94
80095;Distrito Sintético 95;2020;65469;10413;15.91;3.9
80096;Distrito Sintético 96;2020;85115;12866;15.12;3.52
80001;Distrito Sintético 1;2021;83868;11228;13.39;2.17
80002;Distrito Sintético 2;2021;73922;12900;17.45;4.35
80003;Distrito Sintético 3;2021;78982;10212;12.93;0.8
80004;Distrito Sintético 4;2021;89786;17526;19.52;0.71
80005;Distrito Sintético 5;2021;76791;11342;14.77;3.04
80006;Distrito Sintético 6;2021;85885;12683;14.77;3.33
80007;Distrito Sintético 7;2021;77707;14768;19.0;3.29
80008;Distrito Sintético 8;2021;83731;20299;24.24;4.19
80009;Distrito Sintético 9;2021;77704;11390;14.66;3.24
80010;Distrito Sintético 10;2021;81738;13738;16.81;1.31
80011;Distrito Sintético 11;2021;80665;18437;22.86;4.05
80012;Distrito Sintético 12;2021;95407;14423;15.12;4.97
80013;Distrito Sintético 13;2021;86944;18908;21.75;1.81
80014;Distrito Sintético 14;2021;87147;17975;20.63;3.26
80015;Distrito Sintético 15;2021;80948;17720;21.89;3.94
80016;Distrito Sintético 16;2021;78522;7536;9.6;0.57
80017;Distrito Sintético 17;2021;76102;14332;18.83;0.59
80018;Distrito Sintético 18;2021;76992;14560;18.91;1.81
80019;Distrito Sintético 19;2021;76914;10338;13.44;2.2
80020;Distrito Sintético 20;2021;73723;15152;20.55;0.83
80021;Distrito Sintético 21;2021;68739;17695;25.74;2.12
80022;Distrito Sintético 22;2021;80176;13210;16.48;1.12
80023;Distrito Sintético 23;2021;88745;14664;16.52;4.54
80024;Distrito Sintético 24;2021;72144;9800;13.58;1.19
80025;Distrito Sintético 25;2021;74045;19491;26.32;4.34
80026;Distrito Sintético 26;2021;85125;13027;15.3;2.3
80027;Distrito Sintético 27;2021;83896;14983;17.86;4.66
80028;Distrito Sintético 28;2021;74588;14675;19.67;3.13
80029;Distrito Sintético 29;2021;83083;14020;16.87;2.11
80030;Distrito Sintético 30;2021;80604;18643;23.13;2.68
80031;Distrito Sintético 31;2021;85491;15009;17.56;4.18
80032;Distrito Sintético 32;2021;94369;16105;17.07;4.03
80033;Distrito Sintético 33;2021;80761;12386;15.34;1.87
80034;Distrito Sintético 34;2021;76606;9060;11.83;3.48
80035;Distrito Sintético 35;2021;79895;12657;15.84;3.78
80036;Distrito Sintético 36;2021;88007;14550;16.53;1.63
80037;Distrito Sintético 37;2021;75471;15075;19.97;1.69
80038;Distrito Sintético 38;2021;76933;14239;18.51;3.09
80039;Distrito Sintético 39;2021;75770;16148;21.31;2.46
80040;Distrito Sintético 40;2021;94461;14752;15.62;1.85
80041;Distrito Sintético 41;2021;76230;13490;17.7;4.39
80042;Distrito Sintético 42;2021;84019;13368;15.91;2.87
80043;Distrito Sintético 43;2021;78791;14542;18.46;4.24
80044;Distrito Sintético 44;2021;87485;19145;21.88;3.24
80045;Distrito Sintético 45;2021;75413;11844;15.71;1.85
80046;Distrito Sintético 46;2021;80449;15163;18.85;3.45
80047;Distrito Sintético 47;2021;78599;12939;16.46;2.76
80048;Distrito Sintético 48;2021;77360;11313;14.62;2.24
80049;Distrito Sintético 49;2021;86077;12710;14.77;2.42
80050;Distrito Sintético 50;2021;97806;18373;18.79;0.83
80051;Distrito Sintético 51;2021;80858;13776;17.04;4.43
80052;Distrito Sintético 52;2021;71899;10500;14.6;0.99
80053;Distrito Sintético 53;2021;79188;12034;15.2;2.88
80054;Distrito Sintético 54;2021;73908;13881;18.78;4.34
80055;Distrito Sintético 55;2021;80725;13911;17.23;4.43
80056;Distrito Sintético 56;2021;79998;14073;17.59;4.3
80057;Distrito Sintético 57;2021;70389;13117;18.64;2.47
80058;Distrito Sintético 58;2021;80974;15403;19.02;3.26
80059;Distrito Sintético 59;2021;93962;18901;20.12;3.93
80060;Distrito Sintético 60;2021;81655;13216;16.19;3.23
80061;Distrito Sintético 61;2021;90873;16522;18.18;0.56
80062;Distrito Sintético 62;2021;74887;14279;19.07;2.37
80063;Distrito Sintético 63;2021;92163;15417;16.73;2.98
80064;Distrito Sintético 64;2021;83938;21452;25.56;1.19
80065;Distrito Sintético 65;2021;83386;16321;19.57;0.65
80066;Distrito Sintético 66;2021;79739;15321;19.21;1.35
80067;Distrito Sintético 67;2021;79386;15955;20.1;2.18
80068;Distrito Sintético 68;2021;71479;14979;20.96;2.44
80069;Distrito Sintético 69;2021;88982;19397;21.8;2.59
80070;Distrito Sintético 70;2021;75549;16111;21.33;4.37
80071;Distrito Sintético 71;2021;83041;16004;19.27;1.93
80072;Distrito Sintético 72;2021;70623;15733;22.28;1.02
80073;Distrito Sintético 73;2021;82992;19110;23.03;4.46
80074;Distrito Sintético 74;2021;78661;16319;20.75;1.38
80075;Distrito Sintético 75;2021;74840;18220;24.35;3.29
80076;Distrito Sintético 76;2021;86830;13748;15.83;4.66
80077;Distrito Sintético 77;2021;82041;13950;17.0;3.32
80078;Distrito Sintético 78;2021;97699;21948;22.46;3.8
80079;Distrito Sintético 79;2021;85760;16210;18.9;1.86
80080;Distrito Sintético 80;2021;78514;15385;19.6;4.01
80081;Distrito Sintético 81;2021;79571;15542;19.53;4.56
80082;Distrito Sintético 82;2021;67080;13286;19.81;0.63
80083;Distrito Sintético 83;2021;77509;14910;19.24;2.46
80084;Distrito Sintético 84;2021;79931;17877;22.37;1.95
80085;Distrito Sintético 85;2021;90774;15574;17.16;2.55
80086;Distrito Sintético 86;2021;78927;15713;19.91;4.98
80087;Distrito Sintético 87;2021;86176;14924;17.32;2.8
80088;Distrito Sintético 88;2021;71211;16712;23.47;0.94
80089;Distrito Sintético 89;2021;79544;17707;22.26;1.92
80090;Distrito Sintético 90;2021;88792;17591;19.81;2.17
80091;Distrito Sintético 91;2021;83909;13658;16.28;1.59
80092;Distrito Sintético 92;2021;82328;18743;22.77;2.91
80093;Distrito Sintético 93;2021;89750;16593;18.49;2.6
80094;Distrito Sintético 94;2021;79558;16120;20.26;4.75
80095;Distrito Sintético 95;2021;89600;14487;16.17;4.74
80096;Distrito Sintético 96;2021;76419;10697;14.0;3.56
80001;Distrito Sintético 1;2022;81361;17210;21.15;3.5
80002;Distrito Sintético 2;2022;79633;18400;23.11;4.38
80003;Distrito Sintético 3;2022;84332;22725;26.95;1.1
80004;Distrito Sintético 4;2022;86903;17137;19.72;4.67
80005;Distrito Sintético 5;2022;76253;11532;15.12;2.75
80006;Distrito Sintético 6;2022;101609;23329;22.96;2.74
80007;Distrito Sintético 7;2022;74141;14469;19.52;1.83
80008;Distrito Sintético 8;2022;81107;11713;14.44;1.21
80009;Distrito Sintético 9;2022;80483;19052;23.67;1.23
80010;Distrito Sintético 10;2022;85452;11683;13.67;4.01
80011;Distrito Sintético 11;2022;85533;15008;17.55;4.95
80012;Distrito Sintético 12;2022;84435;12738;15.09;4.01
80013;Distrito Sintético 13;2022;87217;15857;18.18;3.84
80014;Distrito Sintético 14;2022;87067;15576;17.89;4.09
80015;Distrito Sintético 15;2022;86261;14562;16.88;0.55
80016;Distrito Sintético 16;2022;87676;18554;21.16;0.98
80017;Distrito Sintético 17;2022;83976;14539;17.31;1.95
80018;Distrito Sintético 18;2022;81975;14588;17.8;4.69
80019;Distrito Sintético 19;2022;75059;14376;19.15;1.3
80020;Distrito Sintético 20;2022;74967;14123;18.84;1.09
80021;Distrito Sintético 21;2022;78020;15481;19.84;3.3
80022;Distrito Sintético 22;2022;79067;12940;16.37;3.91
80023;Distrito Sintético 23;2022;88490;16366;18.49;1.1
80024;Distrito Sintético 24;2022;86134;16423;19.07;4.57
80025;Distrito Sintético 25;2022;90359;15541;17.2;1.69
80026;Distrito Sintético 26;2022;76080;18065;23.74;0.95
80027;Distrito Sintético 27;2022;85624;16966;19.81;3.15
80028;Distrito Sintético 28;2022;76577;14756;19.27;3.73
80029;Distrito Sintético 29;2022;83519;12084;14.47;1.98
80030;Distrito Sintético 30;2022;69936;16433;23.5;2.8
80031;Distrito Sintético 31;2022;77609;14488;18.67;1.36
80032;Distrito Sintético 32;2022;81519;15541;19.06;4.45
80033;Distrito Sintético 33;2022;95121;15897;16.71;0.82
80034;Distrito Sintético 34;2022;76045;15333;20.16;2.8
80035;Distrito Sintético 35;2022;79454;15620;19.66;2.35
80036;Distrito Sintético 36;2022;82163;14417;17.55;0.55
80037;Distrito Sintético 37;2022;77429;17034;22.0;0.61
80038;Distrito Sintético 38;2022;84585;12788;15.12;3.72
80039;Distrito Sintético 39;2022;80608;11646;14.45;1.0
80040;Distrito Sintético 40;2022;77567;16287;21.0;1.71
80041;Distrito Sintético 41;2022;75081;14746;19.64;0.73
80042;Distrito Sintético 42;2022;82561;14010;16.97;1.44
80043;Distrito Sintético 43;2022;71601;17945;25.06;4.65
80044;Distrito Sintético 44;2022;77318;10814;13.99;4.91
80045;Distrito Sintético 45;2022;81892;17484;21.35;1.61
80046;Distrito Sintético 46;2022;83999;15756;18.76;1.38
80047;Distrito Sintético 47;2022;69410;17130;24.68;2.22
80048;Distrito Sintético 48;2022;94574;15486;16.37;0.66
80049;Distrito Sintético 49;2022;69386;12859;18.53;4.11
80050;Distrito Sintético 50;2022;80745;15476;19.17;3.64
80051;Distrito Sintético 51;2022;78858;16297;20.67;1.17
80052;Distrito Sintético 52;2022;82298;14079;17.11;3.92
80053;Distrito Sintético 53;2022;72612;11253;15.5;3.56
80054;Distrito Sintético 54;2022;88238;16513;18.71;1.41
80055;Distrito Sintético 55;2022;79919;11543;14.44;0.82
80056;Distrito Sintético 56;2022;91178;13216;14.49;4.27
80057;Distrito Sintético 57;2022;74090;16339;22.05;3.93
80058;Distrito Sintético 58;2022;91830;16676;18.16;2.36
80059;Distrito Sintético 59;2022;90136;16607;18.42;4.38
80060;Distrito Sintético 60;2022;82485;17021;20.64;2.36
80061;Distrito Sintético 61;2022;76957;10304;13.39;1.29
80062;Distrito Sintético 62;2022;72480;12840;17.72;1.57
80063;Distrito Sintético 63;2022;86798;24786;28.56;4.31
80064;Distrito Sintético 64;2022;90238;15420;17.09;2.12
80065;Distrito Sintético 65;2022;99150;14957;15.09;1.1
80066;Distrito Sintético 66;2022;89901;17909;19.92;1.55
80067;Distrito Sintético 67;2022;68996;12503;18.12;0.62
80068;Distrito Sintético 68;2022;91022;14129;15.52;0.93
80069;Distrito Sintético 69;2022;71050;10761;15.15;2.19
80070;Distrito Sintético 70;2022;85603;19265;22.51;0.85
80071;Distrito Sintético 71;2022;84248;14031;16.65;0.75
80072;Distrito Sintético 72;2022;84548;15287;18.08;0.65
80073;Distrito Sintético 73;2022;72827;13838;19.0;4.06
80074;Distrito Sintético 74;2022;77697;17005;21.89;1.47
80075;Distrito Sintético 75;2022;80024;13942;17.42;2.47
80076;Distrito Sintético 76;2022;76708;17355;22.62;3.11
80077;Distrito Sintético 77;2022;88577;14114;15.93;3.92
80078;Distrito Sintético 78;2022;83922;17054;20.32;1.21
80079;Distrito Sintético 79;2022;78596;11351;14.44;1.45
80080;Distrito Sintético 80;2022;91033;16649;18.29;4.66
80081;Distrito Sintético 81;2022;75926;10634;14.01;0.53
80082;Distrito Sintético 82;2022;73657;15030;20.41;2.09
80083;Distrito Sintético 83;2022;94729;19996;21.11;3.9
80084;Distrito Sintético 84;2022;97878;16688;17.05;2.11
80085;Distrito Sintético 85;2022;82425;13478;16.35;0.83
80086;Distrito Sintético 86;2022;82907;13014;15.7;4.27
80087;Distrito Sintético 87;2022;70686;14125;19.98;3.48
80088;Distrito Sintético 88;2022;81311;11866;14.59;3.3
80089;Distrito Sintético 89;2022;80125;14963;18.67;1.51
80090;Distrito Sintético 90;2022;73328;10199;13.91;4.72
80091;Distrito Sintético 91;2022;78836;15100;19.15;1.34
80092;Distrito Sintético 92;2022;77819;10152;13.05;4.2
80093;Distrito Sintético 93;2022;85284;15803;18.53;0.83
80094;Distrito Sintético 94;2022;90615;13359;14.74;4.14
80095;Distrito Sintético 95;2022;66838;14887;22.27;4.52
80096;Distrito Sintético 96;2022;78545;14590;18.58;1.23
80001;Distrito Sintético 1;2023;86187;17642;20.47;4.44
80002;Distrito Sintético 2;2023;80930;14865;18.37;0.53
80003;Distrito Sintético 3;2023;74359;17026;22.9;4.86
80004;Distrito Sintético 4;2023;79007;11864;15.02;4.14
80005;Distrito Sintético 5;2023;74548;11311;15.17;3.04
80006;Distrito Sintético 6;2023;86907;14891;17.13;0.88
80007;Distrito Sintético 7;2023;81806;10495;12.83;2.61
80008;Distrito Sintético 8;2023;81487;13901;17.06;0.63
80009;Distrito Sintético 9;2023;73464;15579;21.21;3.09
80010;Distrito Sintético 10;2023;83617;18022;21.55;3.6
80011;Distrito Sintético 11;2023;75886;13024;17.16;1.34
80012;Distrito Sintético 12;2023;74077;12264;16.56;2.69
80013;Distrito Sintético 13;2023;71481;11160;15.61;3.41
80014;Distrito Sintético 14;2023;83938;13162;15.68;4.05
80015;Distrito Sintético 15;2023;87184;14713;16.88;2.55
80016;Distrito Sintético 16;2023;77911;16807;21.57;2.01
80017;Distrito Sintético 17;2023;83494;18448;22.1;2.73
80018;Distrito Sintético 18;2023;74439;12185;16.37;1.98
80019;Distrito Sintético 19;2023;83170;9941;11.95;3.35
80020;Distrito Sintético 20;2023;85958;17003;19.78;2.47
80021;Distrito Sintético 21;2023;71200;10484;14.72;2.29
80022;Distrito Sintético 22;2023;81625;14967;18.34;1.05
80023;Distrito Sintético 23;2023;90674;17682;19.5;0.86
80024;Distrito Sintético 24;2023;69803;10836;15.52;2.53
80025;Distrito Sintético 25;2023;87739;16138;18.39;3.71
80026;Distrito Sintético 26;2023;82326;13968;16.97;3.84
80027;Distrito Sintético 27;2023;68979;16425;23.81;4.97
80028;Distrito Sintético 28;2023;81364;12789;15.72;1.66
80029;Distrito Sintético 29;2023;82680;15143;18.32;0.99
80030;Distrito Sintético 30;2023;96281;14894;15.47;4.27
80031;Distrito Sintético 31;2023;87765;18985;21.63;2.12
80032;Distrito Sintético 32;2023;69746;16303;23.37;1.79
80033;Distrito Sintético 33;2023;90773;17516;19.3;4.76
80034;Distrito Sintético 34;2023;71506;11626;16.26;4.3
80035;Distrito Sintético 35;2023;99202;20353;20.52;4.46
80036;Distrito Sintético 36;2023;70371;17771;25.25;4.52
80037;Distrito Sintético 37;2023;91567;17716;19.35;2.01
80038;Distrito Sintético 38;2023;78622;13960;17.76;4.86
80039;Distrito Sintético 39;2023;85605;12438;14.53;3.2
80040;Distrito Sintético 40;2023;85816;13929;16.23;1.33
80041;Distrito Sintético 41;2023;85179;14521;17.05;4.73
80042;Distrito Sintético 42;2023;73941;16170;21.87;0.84
80043;Distrito Sintético 43;2023;80908;14976;18.51;1.15
80044;Distrito Sintético 44;2023;100733;20436;20.29;2.92
80045;Distrito Sintético 45;2023;80478;17716;22.01;4.77
80046;Distrito Sintético 46;2023;85660;14198;16.57;2.78
80047;Distrito Sintético 47;2023;85383;13891;16.27;0.56
80048;Distrito Sintético 48;2023;76068;13290;17.47;0.93
80049;Distrito Sintético 49;2023;81632;16908;20.71;1.31
80050;Distrito Sintético 50;2023;72480;14326;19.77;3.59
80051;Distrito Sintético 51;2023;77183;13120;17.0;2.08
80052;Distrito Sintético 52;2023;82056;13548;16.51;1.73
80053;Distrito Sintético 53;2023;78218;12840;16.42;1.74
80054;Distrito Sintético 54;2023;80617;14092;17.48;2.51
80055;Distrito Sintético 55;2023;92237;18360;19.91;1.35
80056;Distrito Sintético 56;2023;86181;16805;19.5;1.25
80057;Distrito Sintético 57;2023;78612;12953;16.48;1.69
80058;Distrito Sintético 58;2023;79255;13897;17.53;4.11
80059;Distrito Sintético 59;2023;76025;15435;20.3;0.99
80060;Distrito Sintético 60;2023;81956;13439;16.4;3.74
80061;Distrito Sintético 61;2023;86767;16119;18.58;1.87
80062;Distrito Sintético 62;2023;81680;8922;10.92;3.32
80063;Distrito Sintético 63;2023;96018;14390;14.99;3.07
80064;Distrito Sintético 64;2023;83973;14134;16.83;1.39
80065;Distrito Sintético 65;2023;85230;15621;18.33;0.69
80066;Distrito Sintético 66;2023;84754;13988;16.5;2.44
80067;Distrito Sintético 67;2023;75749;13160;17.37;3.76
80068;Distrito Sintético 68;2023;82154;15936;19.4;1.14
80069;Distrito Sintético 69;2023;81786;16387;20.04;1.9
80070;Distrito Sintético 70;2023;83625;18717;22.38;4.87
80071;Distrito Sintético 71;2023;85194;13693;16.07;1.68
80072;Distrito Sintético 72;2023;71537;12873;17.99;2.44
80073;Distrito Sintético 73;2023;79369;14671;18.48;1.94
80074;Distrito Sintético 74;2023;75264;16472;21.89;4.07
80075;Distrito Sintético 75;2023;74183;15625;21.06;0.8
80076;Distrito Sintético 76;2023;76343;15751;20.63;1.3
80077;Distrito Sintético 77;2023;83455;19243;23.06;0.75
80078;Distrito Sintético 78;2023;75103;11779;15.68;2.88
80079;Distrito Sintético 79;2023;85528;16784;19.62;1.29
80080;Distrito Sintético 80;2023;79639;13989;17.57;1.94
80081;Distrito Sintético 81;2023;78339;14234;18.17;1.19
80082;Distrito Sintético 82;2023;83169;20882;25.11;3.14
80083;Distrito Sintético 83;2023;84983;12504;14.71;2.53
80084;Distrito Sintético 84;2023;75445;18986;25.17;3.08
80085;Distrito Sintético 85;2023;82529;16813;20.37;1.09
80086;Distrito Sintético 86;2023;73801;11720;15.88;3.97
80087;Distrito Sintético 87;2023;83014;17610;21.21;1.38
80088;Distrito Sintético 88;2023;81804;15788;19.3;0.65
80089;Distrito Sintético 89;2023;85879;16580;19.31;3.45
80090;Distrito Sintético 90;2023;86674;18445;21.28;4.68
80091;Distrito Sintético 91;2023;82153;16808;20.46;3.2
80092;Distrito Sintético 92;2023;90598;16683;18.41;1.05
80093;Distrito Sintético 93;2023;75498;18240;24.16;1.48
80094;Distrito Sintético 94;2023;92825;14931;16.09;3.57
80095;Distrito Sintético 95;2023;78644;12362;15.72;4.39
80096;Distrito Sintético 96;2023;75086;14165;18.87;4.63
80001;Distrito Sintético 1;2024;76415;16640;21.78;0.87
80002;Distrito Sintético 2;2024;80315;17842;22.22;4.14
80003;Distrito Sintético 3;2024;79419;14330;18.04;4.27
80004;Distrito Sintético 4;2024;71861;10871;15.13;1.2
80005;Distrito Sintético 5;2024;87226;16032;18.38;3.74
80006;Distrito Sintético 6;2024;67965;13254;19.5;4.95
80007;Distrito Sintético 7;2024;86475;18557;21.46;0.94
80008;Distrito Sintético 8;2024;76948;12170;15.82;2.99
80009;Distrito Sintético 9;2024;74959;16200;21.61;4.0
80010;Distrito Sintético 10;2024;84522;21068;24.93;2.06
80011;Distrito Sintético 11;2024;85508;15622;18.27;0.88
80012;Distrito Sintético 12;2024;75531;14980;19.83;4.59
80013;Distrito Sintético 13;2024;83606;15906;19.02;2.94
80014;Distrito Sintético 14;2024;84815;18740;22.1;4.42
80015;Distrito Sintético 15;2024;79388;11336;14.28;3.62
80016;Distrito Sintético 16;2024;74018;15180;20.51;4.68
80017;Distrito Sintético 17;2024;81675;13408;16.42;1.21
80018;Distrito Sintético 18;2024;90287;19368;21.45;1.04
80019;Distrito Sintético 19;2024;89286;17594;19.71;1.98
80020;Distrito Sintético 20;2024;94265;17792;18.87;1.47
80021;Distrito Sintético 21;2024;86473;14143;16.36;0.89
80022;Distrito Sintético 22;2024;80416;16454;20.46;3.64
80023;Distrito Sintético 23;2024;78240;14131;18.06;1.48
80024;Distrito Sintético 24;2024;74510;17150;23.02;3.3
80025;Distrito Sintético 25;2024;75762;14853;19.6;2.08
80026;Distrito Sintético 26;2024;71453;15224;21.31;0.62
80027;Distrito Sintético 27;2024;70674;13501;19.1;1.81
80028;Distrito Sintético 28;2024;81070;19299;23.81;4.5
80029;Distrito Sintético 29;2024;68599;15472;22.55;3.3
80030;Distrito Sintético 30;2024;81706;19235;23.54;4.34
80031;Distrito Sintético 31;2024;80874;14209;17.57;3.78
80032;Distrito Sintético 32;2024;94644;16316;17.24;4.38
80033;Distrito Sintético 33;2024;77373;13438;17.37;0.92
80034;Distrito Sintético 34;2024;89654;18478;20.61;4.22
80035;Distrito Sintético 35;2024;85674;14031;16.38;2.16
80036;Distrito Sintético 36;2024;72917;16391;22.48;1.53
80037;Distrito Sintético 37;2024;81026;12916;15.94;2.31
80038;Distrito Sintético 38;2024;83254;13614;16.35;3.37
80039;Distrito Sintético 39;2024;79946;13563;16.97;2.48
80040;Distrito Sintético 40;2024;83048;13900;16.74;3.44
80041;Distrito Sintético 41;2024;73301;7787;10.62;2.84
80042;Distrito Sintético 42;2024;92067;10941;11.88;4.8
80043;Distrito Sintético 43;2024;85769;13242;15.44;0.98
80044;Distrito Sintético 44;2024;80710;12494;15.48;2.59
80045;Distrito Sintético 45;2024;71074;10422;14.66;1.02
80046;Distrito Sintético 46;2024;87179;14265;16.36;3.76
80047;Distrito Sintético 47;2024;78160;14527;18.59;4.44
80048;Distrito Sintético 48;2024;85677;13540;15.8;1.91
80049;Distrito Sintético 49;2024;80426;13926;17.32;3.17
80050;Distrito Sintético 50;2024;86017;14526;16.89;2.44
80051;Distrito Sintético 51;2024;83118;17801;21.42;1.23
80052;Distrito Sintético 52;2024;82522;13962;16.92;4.66
80053;Distrito Sintético 53;2024;88837;14458;16.27;1.64
80054;Distrito Sintético 54;2024;73046;14590;19.97;4.38
80055;Distrito Sintético 55;2024;91692;17909;19.53;2.26
80056;Distrito Sintético 56;2024;87033;20884;24.0;1.93
80057;Distrito Sintético 57;2024;77878;14591;18.74;3.16
80058;Distrito Sintético 58;2024;83873;16769;19.99;2.31
80059;Distrito Sintético 59;2024;72271;15187;21.01;2.69
80060;Distrito Sintético 60;2024;89587;17104;19.09;4.68
80061;Distrito Sintético 61;2024;71122;14118;19.85;3.96
80062;Distrito Sintético 62;2024;77338;11721;15.16;3.59
80063;Distrito Sintético 63;2024;72560;13366;18.42;4.16
80064;Distrito Sintético 64;2024;80777;13908;17.22;2.29
80065;Distrito Sintético 65;2024;87794;16007;18.23;3.2
80066;Distrito Sintético 66;2024;73371;12626;17.21;2.53
80067;Distrito Sintético 67;2024;72498;10762;14.84;3.7
80068;Distrito Sintético 68;2024;78137;13494;17.27;1.22
80069;Distrito Sintético 69;2024;67502;13993;20.73;3.25
80070;Distrito Sintético 70;2024;78779;11204;14.22;4.23
80071;Distrito Sintético 71;2024;88059;14232;16.16;0.74
80072;Distrito Sintético 72;2024;89013;14236;15.99;3.29
80073;Distrito Sintético 73;2024;86574;17911;20.69;1.04
80074;Distrito Sintético 74;2024;79747;20206;25.34;1.05
80075;Distrito Sintético 75;2024;82074;16189;19.72;1.12
80076;Distrito Sintético 76;2024;85826;16929;19.72;0.87
80077;Distrito Sintético 77;2024;85454;11879;13.9;4.55
80078;Distrito Sintético 78;2024;82130;13532;16.48;4.76
80079;Distrito Sintético 79;2024;71313;13241;18.57;2.7
80080;Distrito Sintético 80;2024;68574;11607;16.93;1.85
80081;Distrito Sintético 81;2024;93246;18240;19.56;1.8
80082;Distrito Sintético 82;2024;78410;16827;21.46;4.53
80083;Distrito Sintético 83;2024;76069;11015;14.48;2.95
80084;Distrito Sintético 84;2024;84151;15832;18.81;3.46
80085;Distrito Sintético 85;2024;82708;20652;24.97;4.11
80086;Distrito Sintético 86;2024;87730;15527;17.7;1.54
80087;Distrito Sintético 87;2024;79901;16120;20.17;1.85
80088;Distrito Sintético 88;2024;75681;18658;24.65;0.72
80089;Distrito Sintético 89;2024;82094;16384;19.96;1.11
80090;Distrito Sintético 90;2024;76025;13884;18.26;3.76
80091;Distrito Sintético 91;2024;79043;13409;16.96;2.58
80092;Distrito Sintético 92;2024;81630;17261;21.15;0.52
80093;Distrito Sintético 93;2024;70717;14618;20.67;0.71
80094;Distrito Sintético 94;2024;74363;15827;21.28;4.63
80095;Distrito Sintético 95;2024;91457;14693;16.07;3.04
80096;Distrito Sintético 96;2024;89136;17764;19.93;2.67
80001;Distrito Sintético 1;2025;85215;12316;14.45;4.77
80002;Distrito Sintético 2;2025;90949;15866;17.44;3.33
80003;Distrito Sintético 3;2025;77719;18007;23.17;2.37
80004;Distrito Sintético 4;2025;75414;15481;20.53;1.52
80005;Distrito Sintético 5;2025;91928;16255;17.68;1.06
80006;Distrito Sintético 6;2025;82664;16425;19.87;1.08
80007;Distrito Sintético 7;2025;87764;18220;20.76;1.92
80008;Distrito Sintético 8;2025;86669;15573;17.97;4.75
80009;Distrito Sintético 9;2025;76128;13216;17.36;4.63
80010;Distrito Sintético 10;2025;69604;11273;16.2;4.24
80011;Distrito Sintético 11;2025;63286;20265;32.02;2.53
80012;Distrito Sintético 12;2025;75229;14879;19.78;1.0
80013;Distrito Sintético 13;2025;77900;17085;21.93;2.28
80014;Distrito Sintético 14;2025;84669;18377;21.7;4.63
80015;Distrito Sintético 15;2025;78847;11111;14.09;2.45
80016;Distrito Sintético 16;2025;81647;18148;22.23;4.41
80017;Distrito Sintético 17;2025;79162;14995;18.94;4.77
80018;Distrito Sintético 18;2025;86754;20721;23.88;0.8
80019;Distrito Sintético 19;2025;86245;14132;16.39;2.31
80020;Distrito Sintético 20;2025;93967;16355;17.41;4.96
80021;Distrito Sintético 21;2025;89288;15054;16.86;0.73
80022;Distrito Sintético 22;2025;79171;14558;18.39;1.7
80023;Distrito Sintético 23;2025;84292;15267;18.11;2.02
80024;Distrito Sintético 24;2025;84685;13644;16.11;2.97
80025;Distrito Sintético 25;2025;88808;17017;19.16;3.56
80026;Distrito Sintético 26;2025;82283;13668;16.61;3.86
80027;Distrito Sintético 27;2025;78184;17923;22.92;2.86
80028;Distrito Sintético 28;2025;73300;16855;22.99;3.44
80029;Distrito Sintético 29;2025;87885;16258;18.5;4.04
80030;Distrito Sintético 30;2025;89202;20956;23.49;4.11
80031;Distrito Sintético 31;2025;83513;14943;17.89;1.7
80032;Distrito Sintético 32;2025;85263;11726;13.75;1.11
80033;Distrito Sintético 33;2025;85284;19063;22.35;2.04
80034;Distrito Sintético 34;2025;84844;18340;21.62;4.56
80035;Distrito Sintético 35;2025;94526;17810;18.84;3.8
80036;Distrito Sintético 36;2025;76825;10542;13.72;3.86
80037;Distrito Sintético 37;2025;79932;15120;18.92;2.8
80038;Distrito Sintético 38;2025;90272;19536;21.64;1.81
80039;Distrito Sintético 39;2025;82073;16800;20.47;2.09
80040;Distrito Sintético 40;2025;79358;14692;18.51;2.76
80041;Distrito Sintético 41;2025;93282;13432;14.4;3.02
80042;Distrito Sintético 42;2025;79303;20857;26.3;4.95
80043;Distrito Sintético 43;2025;80819;15161;18.76;1.82
80044;Distrito Sintético 44;2025;70819;14769;20.85;0.98
80045;Distrito Sintético 45;2025;88693;17050;19.22;2.38
80046;Distrito Sintético 46;2025;84100;12076;14.36;4.48
80047;Distrito Sintético 47;2025;73216;20140;27.51;2.72
80048;Distrito Sintético 48;2025;61846;10113;16.35;2.37
80049;Distrito Sintético 49;2025;80471;12115;15.06;4.77
80050;Distrito Sintético 50;2025;83227;14122;16.97;2.5
80051;Distrito Sintético 51;2025;75426;16715;22.16;4.87
80052;Distrito Sintético 52;2025;87479;13344;15.25;4.77
80053;Distrito Sintético 53;2025;82350;11306;13.73;2.04
80054;Distrito Sintético 54;2025;81053;15146;18.69;1.27
80055;Distrito Sintético 55;2025;82477;14975;18.16;4.27
80056;Distrito Sintético 56;2025;91601;16407;17.91;0.91
80057;Distrito Sintético 57;2025;90733;13217;14.57;2.6
80058;Distrito Sintético 58;2025;79614;14230;17.87;2.93
80059;Distrito Sintético 59;2025;85382;18429;21.58;1.46
80060;Distrito Sintético 60;2025;74733;13418;17.95;1.32
80061;Distrito Sintético 61;2025;83333;16731;20.08;0.85
80062;Distrito Sintético 62;2025;86194;17778;20.63;2.21
80063;Distrito Sintético 63;2025;75566;9892;13.09;2.92
80064;Distrito Sintético 64;2025;78844;15713;19.93;0.99
80065;Distrito Sintético 65;2025;76897;14007;18.22;2.36
80066;Distrito Sintético 66;2025;84182;16491;19.59;2.17
80067;Distrito Sintético 67;2025;80305;14984;18.66;4.31
80068;Distrito Sintético 68;2025;72949;13274;18.2;2.26
80069;Distrito Sintético 69;2025;88738;13897;15.66;1.84
80070;Distrito Sintético 70;2025;70063;12562;17.93;4.84
80071;Distrito Sintético 71;2025;70471;10342;14.68;2.87
80072;Distrito Sintético 72;2025;84664;13930;16.45;2.03
80073;Distrito Sintético 73;2025;85144;13935;16.37;3.86
80074;Distrito Sintético 74;2025;75147;10139;13.49;3.15
80075;Distrito Sintético 75;2025;88438;16979;19.2;4.63
80076;Distrito Sintético 76;2025;88429;16098;18.2;0.79
80077;Distrito Sintético 77;2025;71103;11238;15.81;1.8
80078;Distrito Sintético 78;2025;82530;13463;16.31;3.44
80079;Distrito Sintético 79;2025;82270;13307;16.17;2.19
80080;Distrito Sintético 80;2025;73130;13328;18.23;4.94
80081;Distrito Sintético 81;2025;78636;14517;18.46;3.87
80082;Distrito Sintético 82;2025;75644;16146;21.34;3.0
80083;Distrito Sintético 83;2025;78288;16441;21.0;2.45
80084;Distrito Sintético 84;2025;75208;12589;16.74;3.64
80085;Distrito Sintético 85;2025;84581;11120;13.15;1.86
80086;Distrito Sintético 86;2025;77676;14654;18.87;4.18
80087;Distrito Sintético 87;2025;79924;14136;17.69;1.32
80088;Distrito Sintético 88;2025;84343;17176;20.36;2.12
80089;Distrito Sintético 89;2025;65139;12829;19.69;1.33
80090;Distrito Sintético 90;2025;88674;13530;15.26;4.44
80091;Distrito Sintético 91;2025;86017;14157;16.46;3.37
80092;Distrito Sintético 92;2025;66284;14476;21.84;0.55
80093;Distrito Sintético 93;2025;85479;20558;24.05;0.57
80094;Distrito Sintético 94;2025;79643;16784;21.07;1.11
80095;Distrito Sintético 95;2025;75918;11754;15.48;0.87
80096;Distrito Sintético 96;2025;83737;13614;16.26;1.44
80001;Distrito Sintético 1;2026;82458;16276;19.74;1.32
80002;Distrito Sintético 2;2026;85427;15665;18.34;4.64
80003;Distrito Sintético 3;2026;82926;13167;15.88;4.34
80004;Distrito Sintético 4;2026;71983;17062;23.7;1.97
80005;Distrito Sintético 5;2026;80017;13150;16.43;4.75
80006;Distrito Sintético 6;2026;79686;16958;21.28;2.31
80007;Distrito Sintético 7;2026;82054;17231;21.0;2.78
80008;Distrito Sintético 8;2026;64909;13311;20.51;0.94
80009;Distrito Sintético 9;2026;83076;13958;16.8;3.32
80010;Distrito Sintético 10;2026;84077;15822;18.82;0.55
80011;Distrito Sintético 11;2026;75817;10055;13.26;2.97
80012;Distrito Sintético 12;2026;71602;16136;22.54;4.84
80013;Distrito Sintético 13;2026;76738;14099;18.37;3.77
80014;Distrito Sintético 14;2026;76631;18045;23.55;2.6
80015;Distrito Sintético 15;2026;80573;17192;21.34;1.2
80016;Distrito Sintético 16;2026;74167;12833;17.3;1.01
80017;Distrito Sintético 17;2026;79462;15321;19.28;3.34
80018;Distrito Sintético 18;2026;76365;17048;22.32;1.9
80019;Distrito Sintético 19;2026;79186;14834;18.73;1.03
80020;Distrito Sintético 20;2026;77796;13687;17.59;1.27
80021;Distrito Sintético 21;2026;82223;16556;20.14;3.96
80022;Distrito Sintético 22;2026;81727;16789;20.54;2.19
80023;Distrito Sintético 23;2026;85325;12927;15.15;1.06
80024;Distrito Sintético 24;2026;94720;13330;14.07;2.18
80025;Distrito Sintético 25;2026;94275;20548;21.8;3.34
80026;Distrito Sintético 26;2026;90598;14282;15.76;1.59
80027;Distrito Sintético 27;2026;81096;14913;18.39;3.69
80028;Distrito Sintético 28;2026;75730;15253;20.14;4.89
80029;Distrito Sintético 29;2026;78083;14785;18.93;0.61
80030;Distrito Sintético 30;2026;71498;15072;21.08;0.93
80031;Distrito Sintético 31;2026;75002;15584;20.78;4.39
80032;Distrito Sintético 32;2026;70775;15933;22.51;3.54
80033;Distrito Sintético 33;2026;86391;16156;18.7;4.05
80034;Distrito Sintético 34;2026;74536;14814;19.87;2.46
80035;Distrito Sintético 35;2026;85946;18315;21.31;3.24
80036;Distrito Sintético 36;2026;81140;12804;15.78;4.7
80037;Distrito Sintético 37;2026;86110;19011;22.08;3.26
80038;Distrito Sintético 38;2026;80722;13694;16.96;3.5
80039;Distrito Sintético 39;2026;86040;16791;19.52;2.61
80040;Distrito Sintético 40;2026;86130;14011;16.27;1.78
80041;Distrito Sintético 41;2026;70248;10345;14.73;4.15
80042;Distrito Sintético 42;2026;83625;16653;19.91;2.93
80043;Distrito Sintético 43;2026;80606;17635;21.88;1.26
80044;Distrito Sintético 44;2026;81104;17176;21.18;3.73
80045;Distrito Sintético 45;2026;72673;12276;16.89;1.54
80046;Distrito Sintético 46;2026;83809;16288;19.43;4.28
80047;Distrito Sintético 47;2026;82525;15601;18.9;1.22
80048;Distrito Sintético 48;2026;81253;13006;16.01;1.94
80049;Distrito Sintético 49;2026;80030;16318;20.39;2.82
80050;Distrito Sintético 50;2026;90503;16453;18.18;1.64
80051;Distrito Sintético 51;2026;69987;13818;19.74;2.18
80052;Distrito Sintético 52;2026;79593;10275;12.91;2.45
80053;Distrito Sintético 53;2026;89022;15315;17.2;4.11
80054;Distrito Sintético 54;2026;82378;13980;16.97;1.47
80055;Distrito Sintético 55;2026;87019;17237;19.81;3.5
80056;Distrito Sintético 56;2026;81056;15022;18.53;2.82
80057;Distrito Sintético 57;2026;82377;14179;17.21;2.26
80058;Distrito Sintético 58;2026;74405;16086;21.62;2.53
80059;Distrito Sintético 59;2026;79411;13972;17.59;3.12
80060;Distrito Sintético 60;2026;73980;12621;17.06;0.82
80061;Distrito Sintético 61;2026;99335;16470;16.58;3.86
80062;Distrito Sintético 62;2026;86571;14796;17.09;3.25
80063;Distrito Sintético 63;2026;74745;12116;16.21;4.32
80064;Distrito Sintético 64;2026;77010;13095;17.0;1.93
80065;Distrito Sintético 65;2026;73754;11450;15.52;1.95
80066;Distrito Sintético 66;2026;72772;11475;15.77;0.96
80067;Distrito Sintético 67;2026;92624;16037;17.31;4.06
80068;Distrito Sintético 68;2026;78828;11487;14.57;2.43
80069;Distrito Sintético 69;2026;87607;17684;20.19;3.64
80070;Distrito Sintético 70;2026;81743;16150;19.76;4.07
80071;Distrito Sintético 71;2026;90889;15442;16.99;1.9
80072;Distrito Sintético 72;2026;79752;14688;18.42;3.41
80073;Distrito Sintético 73;2026;84664;16885;19.94;4.6
80074;Distrito Sintético 74;2026;87943;16268;18.5;1.02
80075;Distrito Sintético 75;2026;87830;16383;18.65;3.35
80076;Distrito Sintético 76;2026;80760;16383;20.29;1.81
80077;Distrito Sintético 77;2026;80422;15867;19.73;1.71
80078;Distrito Sintético 78;2026;91561;13538;14.79;1.12
80079;Distrito Sintético 79;2026;89425;14816;16.57;4.83
80080;Distrito Sintético 80;2026;93584;13971;14.93;1.67
80081;Distrito Sintético 81;2026;91655;15595;17.01;2.18
80082;Distrito Sintético 82;2026;72067;10533;14.62;4.76
80083;Distrito Sintético 83;2026;78607;14681;18.68;3.12
80084;Distrito Sintético 84;2026;80726;15640;19.37;1.4
80085;Distrito Sintético 85;2026;77901;12335;15.83;4.06
80086;Distrito Sintético 86;2026;90857;18455;20.31;2.02
80087;Distrito Sintético 87;2026;73382;13310;18.14;0.92
80088;Distrito Sintético 88;2026;93063;20749;22.3;4.67
80089;Distrito Sintético 89;2026;83956;17393;20.72;2.96
80090;Distrito Sintético 90;2026;84714;14690;17.34;3.71
80091;Distrito Sintético 91;2026;80120;14972;18.69;1.37
80092;Distrito Sintético 92;2026;82928;10188;12.29;4.21
80093;Distrito Sintético 93;2026;77395;16492;21.31;4.43
80094;Distrito Sintético 94;2026;68728;13064;19.01;3.16
80095;Distrito Sintético 95;2026;82747;17248;20.84;4.07
80096;Distrito Sintético 96;2026;72035;14404;20.0;0.6
