cod_distr;nome_distr;ano;taxa_envelhecimento_perc;leitos_por_mil_hab;cobertura_esf_perc;indice_vulnerabilidade
80001;Distrito Sintético 1;2010;22.61;3.01;85.09;0.794
80002;Distrito Sintético 2;2010;14.79;4.64;35.33;0.78
80003;Distrito Sintético 3;2010;19.93;3.34;37.3;0.188
80004;Distrito Sintético 4;2010;15.21;1.74;80.76;0.525
80005;Distrito Sintético 5;2010;19.59;3.83;75.65;0.842
80006;Distrito Sintético 6;2010;25.88;3.23;79.92;0.72
80007;Distrito Sintético 7;2010;19.51;3.53;44.11;0.5
80008;Distrito Sintético 8;2010;14.68;2.86;66.09;0.857
80009;Distrito Sintético 9;2010;19.75;0.91;73.48;0.691
80010;Distrito Sintético 10;2010;16.45;4.24;76.41;0.777
80011;Distrito Sintético 11;2010;16.19;0.79;67.63;0.429
80012;Distrito Sintético 12;2010;16.64;4.44;90.15;0.381
80013;Distrito Sintético 13;2010;16.82;0.67;62.59;0.599
80014;Distrito Sintético 14;2010;19.51;1.22;81.48;0.204
80015;Distrito Sintético 15;2010;21.7;3.17;79.15;0.616
80016;Distrito Sintético 16;2010;14.82;4.03;92.45;0.457
80017;Distrito Sintético 17;2010;23.17;1.81;91.16;0.174
80018;Distrito Sintético 18;2010;25.35;1.28;80.54;0.833
80019;Distrito Sintético 19;2010;17.33;1.25;64.54;0.526
80020;Distrito Sintético 20;2010;17.37;1.45;73.21;0.375
80021;Distrito Sintético 21;2010;20.9;1.82;35.51;0.671
80022;Distrito Sintético 22;2010;21.92;1.42;30.49;0.666
80023;Distrito Sintético 23;2010;15.65;1.08;65.35;0.339
80024;Distrito Sintético 24;2010;18.12;3.97;63.12;0.371
80025;Distrito Sintético 25;2010;21.15;4.45;57.42;0.172
80026;Distrito Sintético 26;2010;19.38;1.54;33.5;0.359
80027;Distrito Sintético 27;2010;15.68;0.67;49.51;0.412
80028;Distrito Sintético 28;2010;18.51;0.78;60.3;0.382
80029;Distrito Sintético 29;2010;13.8;0.73;85.78;0.309
80030;Distrito Sintético 30;2010;14.37;3.79;66.95;0.402
80031;Distrito Sintético 31;2010;16.47;1.25;80.53;0.3
80032;Distrito Sintético 32;2010;18.79;1.99;43.48;0.124
80033;Distrito Sintético 33;2010;19.43;0.51;66.5;0.634
80034;Distrito Sintético 34;2010;16.69;0.63;34.63;0.382
80035;Distrito Sintético 35;2010;18.26;1.08;91.71;0.787
80036;Distrito Sintético 36;2010;16.69;1.39;68.19;0.242
80037;Distrito Sintético 37;2010;15.36;0.51;43.76;0.567
80038;Distrito Sintético 38;2010;18.6;2.02;60.62;0.867
80039;Distrito Sintético 39;2010;16.27;2.77;76.78;0.813
80040;Distrito Sintético 40;2010;15.96;3.39;54.51;0.833
80041;Distrito Sintético 41;2010;17.4;0.62;31.21;0.356
80042;Distrito Sintético 42;2010;13.99;0.61;92.05;0.642
80043;Distrito Sintético 43;2010;21.01;2.54;47.44;0.637
80044;Distrito Sintético 44;2010;22.16;1.19;63.82;0.485
80045;Distrito Sintético 45;2010;19.42;0.59;50.69;0.638
80046;Distrito Sintético 46;2010;21.75;3.63;45.29;0.609
80047;Distrito Sintético 47;2010;18.74;1.97;31.55;0.749
80048;Distrito Sintético 48;2010;16.9;2.27;77.55;0.438
80049;Distrito Sintético 49;2010;17.99;1.45;85.28;0.216
80050;Distrito Sintético 50;2010;18.2;2.8;91.92;0.463
80051;Distrito Sintético 51;2010;20.12;2.45;87.38;0.119
80052;Distrito Sintético 52;2010;23.29;2.46;43.04;0.497
80053;Distrito Sintético 53;2010;16.96;1.23;81.85;0.843
80054;Distrito Sintético 54;2010;23.87;4.17;34.41;0.136
80055;Distrito Sintético 55;2010;18.19;4.05;78.78;0.829
80056;Distrito Sintético 56;2010;20.7;1.7;62.2;0.529
80057;Distrito Sintético 57;2010;18.04;2.87;42.21;0.703
80058;Distrito Sintético 58;2010;16.96;1.77;56.42;0.72
80059;Distrito Sintético 59;2010;16.67;1.54;68.99;0.53
80060;Distrito Sintético 60;2010;18.01;4.33;81.74;0.827
80061;Distrito Sintético 61;2010;21.75;0.53;73.9;0.544
80062;Distrito Sintético 62;2010;16.12;1.53;44.77;0.768
80063;Distrito Sintético 63;2010;18.09;2.08;91.65;0.661
80064;Distrito Sintético 64;2010;14.55;2.39;32.69;0.626
80065;Distrito Sintético 65;2010;25.67;4.75;56.62;0.57
80066;Distrito Sintético 66;2010;16.59;2.36;88.47;0.346
80067;Distrito Sintético 67;2010;18.63;0.56;67.64;0.154
80068;Distrito Sintético 68;2010;20.56;3.81;40.84;0.576
80069;Distrito Sintético 69;2010;23.87;4.95;38.91;0.574
80070;Distrito Sintético 70;2010;27.54;2.71;31.8;0.726
80071;Distrito Sintético 71;2010;16.71;3.94;32.42;0.352
80072;Distrito Sintético 72;2010;19.11;4.69;80.82;0.634
80073;Distrito Sintético 73;2010;15.94;3.36;42.43;0.145
80074;Distrito Sintético 74;2010;25.28;1.96;66.73;0.428
80075;Distrito Sintético 75;2010;19.67;2.56;55.11;0.675
80076;Distrito Sintético 76;2010;19.08;1.6;91.37;0.334
80077;Distrito Sintético 77;2010;15.9;2.48;54.39;0.632
80078;Distrito Sintético 78;2010;15.41;2.24;86.32;0.114
80079;Distrito Sintético 79;2010;23.93;4.89;58.51;0.393
80080;Distrito Sintético 80;2010;14.53;1.66;79.16;0.284
80081;Distrito Sintético 81;2010;19.63;2.97;35.75;0.471
80082;Distrito Sintético 82;2010;18.78;1.54;85.14;0.463
80083;Distrito Sintético 83;2010;15.48;3.1;86.55;0.639
80084;Distrito Sintético 84;2010;17.93;1.73;33.36;0.23
80085;Distrito Sintético 85;2010;19.67;4.43;88.79;0.864
80086;Distrito Sintético 86;2010;15.3;1.54;38.98;0.32
80087;Distrito Sintético 87;2010;18.41;2.75;57.11;0.695
80088;Distrito Sintético 88;2010;20.82;3.99;64.92;0.796
80089;Distrito Sintético 89;2010;15.23;3.27;85.05;0.607
80090;Distrito Sintético 90;2010;19.53;1.9;50.43;0.765
80091;Distrito Sintético 91;2010;24.9;4.08;34.3;0.584
80092;Distrito Sintético 92;2010;17.7;1.62;89.28;0.223
80093;Distrito Sintético 93;2010;16.68;4.26;35.15;0.619
80094;Distrito Sintético 94;2010;15.9;0.63;37.78;0.553
80095;Distrito Sintético 95;2010;17.59;1.56;53.92;0.441
80096;Distrito Sintético 96;2010;20.63;2.88;38.88;0.648
80001;Distrito Sintético 1;2011;20.84;2.62;92.59;0.26
80002;Distrito Sintético 2;2011;17.29;3.02;91.33;0.49
80003;Distrito Sintético 3;2011;14.69;1.23;56.73;0.86
80004;Distrito Sintético 4;2011;18.96;3.26;87.53;0.281
80005;Distrito Sintético 5;2011;20.16;1.58;30.02;0.698
80006;Distrito Sintético 6;2011;13.16;4.01;57.65;0.736
80007;Distrito Sintético 7;2011;21.3;3.74;88.45;0.439
80008;Distrito Sintético 8;2011;18.69;2.58;61.33;0.64
80009;Distrito Sintético 9;2011;21.65;2.81;90.94;0.875
80010;Distrito Sintético 10;2011;21.39;3.14;66.01;0.537
80011;Distrito Sintético 11;2011;16.45;4.49;68.53;0.717
80012;Distrito Sintético 12;2011;15.86;3.89;62.53;0.466
80013;Distrito Sintético 13;2011;14.12;2.91;63.35;0.7
80014;Distrito Sintético 14;2011;18.74;1.77;58.61;0.815
80015;Distrito Sintético 15;2011;21.83;4.06;78.56;0.477
80016;Distrito Sintético 16;2011;22.24;3.64;45.96;0.391
80017;Distrito Sintético 17;2011;17.86;2.9;67.46;0.555
80018;Distrito Sintético 18;2011;15.0;4.0;50.31;0.3
80019;Distrito Sintético 19;2011;15.46;4.47;71.59;0.27
80020;Distrito Sintético 20;2011;25.0;2.15;37.82;0.882
80021;Distrito Sintético 21;2011;14.18;3.53;55.22;0.654
80022;Distrito Sintético 22;2011;20.99;2.76;50.1;0.443
80023;Distrito Sintético 23;2011;16.13;1.32;37.08;0.645
80024;Distrito Sintético 24;2011;15.96;2.95;39.97;0.461
80025;Distrito Sintético 25;2011;17.68;2.01;53.02;0.145
80026;Distrito Sintético 26;2011;16.27;0.81;94.24;0.143
80027;Distrito Sintético 27;2011;18.29;3.92;88.14;0.743
80028;Distrito Sintético 28;2011;22.96;0.72;76.93;0.361
80029;Distrito Sintético 29;2011;17.65;1.79;53.7;0.123
80030;Distrito Sintético 30;2011;17.54;0.91;57.95;0.404
80031;Distrito Sintético 31;2011;16.53;1.7;54.02;0.37
80032;Distrito Sintético 32;2011;18.59;2.99;77.24;0.292
80033;Distrito Sintético 33;2011;17.36;4.32;51.82;0.548
80034;Distrito Sintético 34;2011;22.77;2.12;51.54;0.345
80035;Distrito Sintético 35;2011;21.13;0.92;33.48;0.735
80036;Distrito Sintético 36;2011;15.55;4.57;67.43;0.715
80037;Distrito Sintético 37;2011;18.03;2.08;53.75;0.49
80038;Distrito Sintético 38;2011;19.97;4.35;79.36;0.556
80039;Distrito Sintético 39;2011;20.87;1.68;36.38;0.488
80040;Distrito Sintético 40;2011;21.81;4.63;94.4;0.286
80041;Distrito Sintético 41;2011;26.65;4.22;67.58;0.131
80042;Distrito Sintético 42;2011;19.53;1.35;39.35;0.661
80043;Distrito Sintético 43;2011;18.72;4.26;76.83;0.671
80044;Distrito Sintético 44;2011;20.59;4.69;54.44;0.152
80045;Distrito Sintético 45;2011;19.96;2.83;30.63;0.256
80046;Distrito Sintético 46;2011;20.1;0.57;50.39;0.895
80047;Distrito Sintético 47;2011;25.62;3.26;48.2;0.117
80048;Distrito Sintético 48;2011;19.15;3.77;47.5;0.373
80049;Distrito Sintético 49;2011;21.45;3.77;65.6;0.795
80050;Distrito Sintético 50;2011;19.43;2.97;45.99;0.662
80051;Distrito Sintético 51;2011;14.51;4.4;92.62;0.838
80052;Distrito Sintético 52;2011;14.16;2.96;40.77;0.829
80053;Distrito Sintético 53;2011;15.22;1.76;32.15;0.47
80054;Distrito Sintético 54;2011;23.5;4.05;45.48;0.277
80055;Distrito Sintético 55;2011;13.37;3.5;35.37;0.437
80056;Distrito Sintético 56;2011;19.82;2.13;79.91;0.263
80057;Distrito Sintético 57;2011;20.83;1.69;37.38;0.169
80058;Distrito Sintético 58;2011;16.45;1.11;70.25;0.252
80059;Distrito Sintético 59;2011;21.19;4.1;65.73;0.148
80060;Distrito Sintético 60;2011;15.2;2.35;93.89;0.307
80061;Distrito Sintético 61;2011;20.85;2.93;35.59;0.807
80062;Distrito Sintético 62;2011;15.93;0.7;66.93;0.585
80063;Distrito Sintético 63;2011;25.7;2.42;86.45;0.203
80064;Distrito Sintético 64;2011;22.1;0.81;33.49;0.61
80065;Distrito Sintético 65;2011;15.33;2.04;39.9;0.665
80066;Distrito Sintético 66;2011;20.05;2.25;86.0;0.865
80067;Distrito Sintético 67;2011;21.67;3.58;73.99;0.116
80068;Distrito Sintético 68;2011;24.1;4.87;85.98;0.428
80069;Distrito Sintético 69;2011;16.83;4.37;41.51;0.143
80070;Distrito Sintético 70;2011;18.34;1.14;89.15;0.551
80071;Distrito Sintético 71;2011;21.29;3.58;92.48;0.597
80072;Distrito Sintético 72;2011;17.39;2.45;82.38;0.123
80073;Distrito Sintético 73;2011;19.34;1.33;91.19;0.338
80074;Distrito Sintético 74;2011;23.21;2.43;80.5;0.835
80075;Distrito Sintético 75;2011;23.4;2.14;53.73;0.89
80076;Distrito Sintético 76;2011;18.52;1.05;34.75;0.873
80077;Distrito Sintético 77;2011;21.95;3.49;82.02;0.548
80078;Distrito Sintético 78;2011;14.96;3.46;47.92;0.88
80079;Distrito Sintético 79;2011;22.4;1.08;41.22;0.657
80080;Distrito Sintético 80;2011;16.82;4.15;85.02;0.365
80081;Distrito Sintético 81;2011;22.17;1.53;51.35;0.558
80082;Distrito Sintético 82;2011;15.52;3.47;65.85;0.13
80083;Distrito Sintético 83;2011;22.0;4.33;42.01;0.311
80084;Distrito Sintético 84;2011;18.51;4.89;61.29;0.38
80085;Distrito Sintético 85;2011;13.47;1.09;77.14;0.506
80086;Distrito Sintético 86;2011;15.52;1.76;69.71;0.566
80087;Distrito Sintético 87;2011;19.28;3.6;67.97;0.488
80088;Distrito Sintético 88;2011;15.0;1.83;80.94;0.859
80089;Distrito Sintético 89;2011;18.0;4.68;89.69;0.243
80090;Distrito Sintético 90;2011;21.17;3.57;57.12;0.586
80091;Distrito Sintético 91;2011;19.59;2.6;41.84;0.306
80092;Distrito Sintético 92;2011;19.26;4.5;90.09;0.227
80093;Distrito Sintético 93;2011;20.43;3.11;56.5;0.445
80094;Distrito Sintético 94;2011;16.97;1.69;74.44;0.258
80095;Distrito Sintético 95;2011;17.52;4.44;36.3;0.399
80096;Distrito Sintético 96;2011;19.22;1.75;34.21;0.657
80001;Distrito Sintético 1;2012;19.57;0.94;47.73;0.657
80002;Distrito Sintético 2;2012;18.41;1.51;72.62;0.448
80003;Distrito Sintético 3;2012;16.53;1.52;42.85;0.277
80004;Distrito Sintético 4;2012;19.6;0.75;90.86;0.532
80005;Distrito Sintético 5;2012;24.94;3.68;90.6;0.122
80006;Distrito Sintético 6;2012;16.51;1.79;74.4;0.855
80007;Distrito Sintético 7;2012;18.84;1.81;60.59;0.391
80008;Distrito Sintético 8;2012;14.61;3.8;90.48;0.742
80009;Distrito Sintético 9;2012;17.45;0.51;65.28;0.603
80010;Distrito Sintético 10;2012;14.65;3.76;61.52;0.488
80011;Distrito Sintético 11;2012;14.72;2.7;60.3;0.322
80012;Distrito Sintético 12;2012;15.95;0.52;37.98;0.576
80013;Distrito Sintético 13;2012;18.78;3.83;56.69;0.151
80014;Distrito Sintético 14;2012;17.36;3.58;89.36;0.404
80015;Distrito Sintético 15;2012;17.87;2.24;70.11;0.505
80016;Distrito Sintético 16;2012;16.38;1.19;31.55;0.419
80017;Distrito Sintético 17;2012;26.74;2.78;30.7;0.25
80018;Distrito Sintético 18;2012;17.71;4.63;64.41;0.733
80019;Distrito Sintético 19;2012;21.99;0.75;80.29;0.419
80020;Distrito Sintético 20;2012;19.35;3.77;48.58;0.709
80021;Distrito Sintético 21;2012;13.15;4.61;37.15;0.716
80022;Distrito Sintético 22;2012;18.37;3.91;73.34;0.426
80023;Distrito Sintético 23;2012;14.2;0.98;66.5;0.753
80024;Distrito Sintético 24;2012;17.85;2.43;50.27;0.379
80025;Distrito Sintético 25;2012;19.66;1.83;40.96;0.369
80026;Distrito Sintético 26;2012;18.53;0.74;82.81;0.777
80027;Distrito Sintético 27;2012;21.29;3.94;53.15;0.605
80028;Distrito Sintético 28;2012;15.04;3.99;87.68;0.385
80029;Distrito Sintético 29;2012;20.02;1.15;85.1;0.483
80030;Distrito Sintético 30;2012;21.86;2.11;89.08;0.28
80031;Distrito Sintético 31;2012;19.63;3.89;93.39;0.187
80032;Distrito Sintético 32;2012;20.68;2.29;53.04;0.282
80033;Distrito Sintético 33;2012;15.03;3.3;76.97;0.295
80034;Distrito Sintético 34;2012;22.85;3.32;71.91;0.607
80035;Distrito Sintético 35;2012;17.5;2.79;84.88;0.536
80036;Distrito Sintético 36;2012;21.17;0.57;82.82;0.322
80037;Distrito Sintético 37;2012;18.77;3.98;66.03;0.426
80038;Distrito Sintético 38;2012;18.22;2.91;69.57;0.41
80039;Distrito Sintético 39;2012;24.04;4.3;36.27;0.398
80040;Distrito Sintético 40;2012;13.8;0.94;92.14;0.298
80041;Distrito Sintético 41;2012;25.85;2.86;41.04;0.245
80042;Distrito Sintético 42;2012;19.56;2.93;90.72;0.697
80043;Distrito Sintético 43;2012;15.95;3.22;90.3;0.234
80044;Distrito Sintético 44;2012;13.56;2.24;88.87;0.397
80045;Distrito Sintético 45;2012;13.44;4.72;76.33;0.544
80046;Distrito Sintético 46;2012;15.38;1.98;54.78;0.283
80047;Distrito Sintético 47;2012;17.36;0.83;68.09;0.276
80048;Distrito Sintético 48;2012;17.88;0.81;57.13;0.303
80049;Distrito Sintético 49;2012;21.61;1.75;53.69;0.423
80050;Distrito Sintético 50;2012;18.45;3.72;72.66;0.186
80051;Distrito Sintético 51;2012;15.64;4.84;91.42;0.509
80052;Distrito Sintético 52;2012;14.14;3.19;69.29;0.67
80053;Distrito Sintético 53;2012;23.89;4.96;30.21;0.86
80054;Distrito Sintético 54;2012;19.32;0.77;83.63;0.176
80055;Distrito Sintético 55;2012;22.28;3.95;59.14;0.868
80056;Distrito Sintético 56;2012;18.48;0.87;70.04;0.473
80057;Distrito Sintético 57;2012;21.58;4.04;51.33;0.242
80058;Distrito Sintético 58;2012;24.48;1.32;52.94;0.768
80059;Distrito Sintético 59;2012;19.85;3.79;35.08;0.55
80060;Distrito Sintético 60;2012;15.39;2.63;81.18;0.16
80061;Distrito Sintético 61;2012;20.91;1.21;48.42;0.468
80062;Distrito Sintético 62;2012;16.75;3.98;59.91;0.525
80063;Distrito Sintético 63;2012;13.46;1.91;38.9;0.506
80064;Distrito Sintético 64;2012;16.02;1.15;94.74;0.433
80065;Distrito Sintético 65;2012;23.49;0.85;84.94;0.281
80066;Distrito Sintético 66;2012;21.57;2.35;52.38;0.267
80067;Distrito Sintético 67;2012;14.92;2.5;51.65;0.11
80068;Distrito Sintético 68;2012;17.46;4.33;49.69;0.689
80069;Distrito Sintético 69;2012;19.51;1.45;74.0;0.401
80070;Distrito Sintético 70;2012;22.55;4.52;42.54;0.293
80071;Distrito Sintético 71;2012;15.39;3.11;45.99;0.499
80072;Distrito Sintético 72;2012;17.21;2.67;57.36;0.5
80073;Distrito Sintético 73;2012;21.8;2.43;57.08;0.4
80074;Distrito Sintético 74;2012;11.96;2.54;84.26;0.81
80075;Distrito Sintético 75;2012;20.27;3.69;51.45;0.636
80076;Distrito Sintético 76;2012;16.94;3.13;57.74;0.77
80077;Distrito Sintético 77;2012;17.8;3.58;58.12;0.129
80078;Distrito Sintético 78;2012;21.45;3.0;52.26;0.19
80079;Distrito Sintético 79;2012;21.16;1.51;46.2;0.662
80080;Distrito Sintético 80;2012;15.07;3.01;51.59;0.157
80081;Distrito Sintético 81;2012;16.33;4.21;59.37;0.61
80082;Distrito Sintético 82;2012;15.96;3.47;55.99;0.619
80083;Distrito Sintético 83;2012;21.26;2.07;69.04;0.563
80084;Distrito Sintético 84;2012;19.21;3.15;80.2;0.864
80085;Distrito Sintético 85;2012;20.24;2.5;72.81;0.419
80086;Distrito Sintético 86;2012;22.37;0.99;65.02;0.308
80087;Distrito Sintético 87;2012;16.3;4.16;32.79;0.55
80088;Distrito Sintético 88;2012;16.45;0.86;87.77;0.461
80089;Distrito Sintético 89;2012;18.67;2.85;92.37;0.251
80090;Distrito Sintético 90;2012;15.79;4.58;58.37;0.399
80091;Distrito Sintético 91;2012;20.89;3.63;62.73;0.459
80092;Distrito Sintético 92;2012;19.1;1.77;92.17;0.713
80093;Distrito Sintético 93;2012;18.24;2.83;59.69;0.255
80094;Distrito Sintético 94;2012;13.41;1.01;44.93;0.404
80095;Distrito Sintético 95;2012;19.93;3.79;84.51;0.72
80096;Distrito Sintético 96;2012;17.91;0.58;57.28;0.467
80001;Distrito Sintético 1;2013;19.74;2.45;83.77;0.556
80002;Distrito Sintético 2;2013;15.8;1.48;45.82;0.821
80003;Distrito Sintético 3;2013;15.11;3.33;84.26;0.116
80004;Distrito Sintético 4;2013;21.59;4.27;78.1;0.737
80005;Distrito Sintético 5;2013;18.81;1.68;63.02;0.31
80006;Distrito Sintético 6;2013;15.03;2.5;60.62;0.85
80007;Distrito Sintético 7;2013;16.48;3.69;55.83;0.361
80008;Distrito Sintético 8;2013;17.78;3.95;56.85;0.721
80009;Distrito Sintético 9;2013;19.64;2.49;89.97;0.756
80010;Distrito Sintético 10;2013;14.92;1.45;91.59;0.437
80011;Distrito Sintético 11;2013;19.09;4.25;89.64;0.213
80012;Distrito Sintético 12;2013;23.56;3.86;52.44;0.597
80013;Distrito Sintético 13;2013;18.58;0.99;55.86;0.702
80014;Distrito Sintético 14;2013;20.04;2.38;53.23;0.24
80015;Distrito Sintético 15;2013;25.14;2.02;87.53;0.139
80016;Distrito Sintético 16;2013;19.18;3.46;34.07;0.748
80017;Distrito Sintético 17;2013;18.16;3.27;31.45;0.37
80018;Distrito Sintético 18;2013;14.55;2.3;43.2;0.195
80019;Distrito Sintético 19;2013;17.66;0.71;66.87;0.369
80020;Distrito Sintético 20;2013;24.83;3.61;51.66;0.311
80021;Distrito Sintético 21;2013;21.16;1.1;36.66;0.611
80022;Distrito Sintético 22;2013;16.35;3.65;80.31;0.738
80023;Distrito Sintético 23;2013;13.91;3.33;88.01;0.268
80024;Distrito Sintético 24;2013;19.23;1.29;67.58;0.217
80025;Distrito Sintético 25;2013;19.45;3.53;35.52;0.113
80026;Distrito Sintético 26;2013;21.7;1.2;87.78;0.728
80027;Distrito Sintético 27;2013;19.25;4.22;76.05;0.428
80028;Distrito Sintético 28;2013;19.6;0.63;43.15;0.444
80029;Distrito Sintético 29;2013;20.42;1.88;89.51;0.835
80030;Distrito Sintético 30;2013;17.3;4.98;64.18;0.585
80031;Distrito Sintético 31;2013;18.09;4.95;49.98;0.246
80032;Distrito Sintético 32;2013;20.18;1.95;79.87;0.79
80033;Distrito Sintético 33;2013;10.07;3.28;52.0;0.376
80034;Distrito Sintético 34;2013;22.05;1.32;92.85;0.878
80035;Distrito Sintético 35;2013;16.2;4.3;55.26;0.145
80036;Distrito Sintético 36;2013;15.42;0.9;84.86;0.656
80037;Distrito Sintético 37;2013;19.88;1.61;87.13;0.499
80038;Distrito Sintético 38;2013;18.93;4.01;76.33;0.743
80039;Distrito Sintético 39;2013;20.87;1.76;86.87;0.372
80040;Distrito Sintético 40;2013;19.55;3.2;40.18;0.124
80041;Distrito Sintético 41;2013;13.44;3.8;56.76;0.479
80042;Distrito Sintético 42;2013;14.13;3.76;54.3;0.872
80043;Distrito Sintético 43;2013;19.89;1.58;63.31;0.408
80044;Distrito Sintético 44;2013;18.56;4.18;56.44;0.818
80045;Distrito Sintético 45;2013;16.61;1.79;90.55;0.351
80046;Distrito Sintético 46;2013;19.97;3.57;91.88;0.878
80047;Distrito Sintético 47;2013;26.6;1.71;61.05;0.564
80048;Distrito Sintético 48;2013;19.66;0.87;59.27;0.839
80049;Distrito Sintético 49;2013;20.85;2.08;76.53;0.463
80050;Distrito Sintético 50;2013;19.78;1.17;53.3;0.406
80051;Distrito Sintético 51;2013;13.83;4.33;87.11;0.188
80052;Distrito Sintético 52;2013;20.59;1.65;33.05;0.247
80053;Distrito Sintético 53;2013;18.6;4.0;56.58;0.774
80054;Distrito Sintético 54;2013;24.24;3.81;91.88;0.651
80055;Distrito Sintético 55;2013;16.53;3.58;62.6;0.422
80056;Distrito Sintético 56;2013;15.83;1.03;86.61;0.607
80057;Distrito Sintético 57;2013;20.11;1.49;60.36;0.279
80058;Distrito Sintético 58;2013;21.76;1.48;79.08;0.778
80059;Distrito Sintético 59;2013;17.42;4.7;53.36;0.69
80060;Distrito Sintético 60;2013;20.53;2.05;34.55;0.853
80061;Distrito Sintético 61;2013;16.31;0.75;40.88;0.725
80062;Distrito Sintético 62;2013;20.89;4.67;43.04;0.246
80063;Distrito Sintético 63;2013;12.19;2.22;56.76;0.187
80064;Distrito Sintético 64;2013;16.02;3.53;89.3;0.254
80065;Distrito Sintético 65;2013;15.04;4.55;91.92;0.669
80066;Distrito Sintético 66;2013;14.23;3.15;37.5;0.329
80067;Distrito Sintético 67;2013;14.35;4.9;78.23;0.384
80068;Distrito Sintético 68;2013;23.51;2.07;59.17;0.565
80069;Distrito Sintético 69;2013;26.76;0.77;57.26;0.854
80070;Distrito Sintético 70;2013;15.98;1.63;73.61;0.738
80071;Distrito Sintético 71;2013;20.9;3.99;81.73;0.211
80072;Distrito Sintético 72;2013;17.22;2.12;50.63;0.772
80073;Distrito Sintético 73;2013;22.26;1.87;84.59;0.268
80074;Distrito Sintético 74;2013;15.36;5.0;45.78;0.156
80075;Distrito Sintético 75;2013;13.21;4.01;59.04;0.503
80076;Distrito Sintético 76;2013;18.42;3.46;93.72;0.338
80077;Distrito Sintético 77;2013;15.53;1.12;62.06;0.52
80078;Distrito Sintético 78;2013;22.49;4.96;83.18;0.502
80079;Distrito Sintético 79;2013;14.22;1.34;34.4;0.184
80080;Distrito Sintético 80;2013;21.08;3.11;93.78;0.897
80081;Distrito Sintético 81;2013;17.47;1.19;82.78;0.381
80082;Distrito Sintético 82;2013;16.6;1.61;81.99;0.263
80083;Distrito Sintético 83;2013;21.56;4.24;37.37;0.861
80084;Distrito Sintético 84;2013;19.19;4.87;73.85;0.287
80085;Distrito Sintético 85;2013;15.24;4.9;83.37;0.607
80086;Distrito Sintético 86;2013;18.73;2.49;88.87;0.197
80087;Distrito Sintético 87;2013;15.54;2.39;58.66;0.714
80088;Distrito Sintético 88;2013;21.89;2.51;93.17;0.825
80089;Distrito Sintético 89;2013;21.38;3.41;61.01;0.119
80090;Distrito Sintético 90;2013;19.05;3.42;94.16;0.245
80091;Distrito Sintético 91;2013;23.62;1.74;71.92;0.155
80092;Distrito Sintético 92;2013;20.58;4.25;42.45;0.723
80093;Distrito Sintético 93;2013;24.43;2.28;40.24;0.534
80094;Distrito Sintético 94;2013;12.23;1.14;86.41;0.566
80095;Distrito Sintético 95;2013;20.41;2.28;43.44;0.462
80096;Distrito Sintético 96;2013;21.36;3.26;86.26;0.681
80001;Distrito Sintético 1;2014;22.57;2.72;55.77;0.335
80002;Distrito Sintético 2;2014;20.05;4.26;71.67;0.155
80003;Distrito Sintético 3;2014;28.76;0.71;92.95;0.34
80004;Distrito Sintético 4;2014;13.86;4.01;32.36;0.656
80005;Distrito Sintético 5;2014;16.81;1.09;50.67;0.217
80006;Distrito Sintético 6;2014;20.65;1.28;58.75;0.464
80007;Distrito Sintético 7;2014;22.17;1.52;90.43;0.677
80008;Distrito Sintético 8;2014;21.2;0.81;70.41;0.551
80009;Distrito Sintético 9;2014;19.28;2.57;40.24;0.316
80010;Distrito Sintético 10;2014;14.94;3.44;87.33;0.68
80011;Distrito Sintético 11;2014;18.15;3.14;76.08;0.46
80012;Distrito Sintético 12;2014;23.26;3.71;84.74;0.447
80013;Distrito Sintético 13;2014;17.44;3.97;51.43;0.806
80014;Distrito Sintético 14;2014;22.85;3.93;33.56;0.322
80015;Distrito Sintético 15;2014;22.59;3.86;86.11;0.223
80016;Distrito Sintético 16;2014;23.54;4.81;47.15;0.649
80017;Distrito Sintético 17;2014;17.72;0.97;50.91;0.303
80018;Distrito Sintético 18;2014;19.96;0.77;44.09;0.64
80019;Distrito Sintético 19;2014;17.67;2.14;80.12;0.548
80020;Distrito Sintético 20;2014;22.34;1.8;45.39;0.853
80021;Distrito Sintético 21;2014;18.05;4.37;54.36;0.477
80022;Distrito Sintético 22;2014;19.44;2.27;58.01;0.559
80023;Distrito Sintético 23;2014;14.35;3.3;53.85;0.671
80024;Distrito Sintético 24;2014;16.5;0.93;60.07;0.666
80025;Distrito Sintético 25;2014;23.29;3.89;88.39;0.18
80026;Distrito Sintético 26;2014;20.02;4.33;60.4;0.558
80027;Distrito Sintético 27;2014;17.57;2.67;37.08;0.894
80028;Distrito Sintético 28;2014;16.86;4.28;67.0;0.815
80029;Distrito Sintético 29;2014;24.11;3.03;39.49;0.373
80030;Distrito Sintético 30;2014;16.75;2.92;60.43;0.357
80031;Distrito Sintético 31;2014;21.02;4.58;47.61;0.243
80032;Distrito Sintético 32;2014;18.45;1.2;94.05;0.843
80033;Distrito Sintético 33;2014;20.1;3.99;70.67;0.868
80034;Distrito Sintético 34;2014;18.17;3.39;92.44;0.664
80035;Distrito Sintético 35;2014;20.0;3.09;89.45;0.188
80036;Distrito Sintético 36;2014;17.6;1.38;45.75;0.226
80037;Distrito Sintético 37;2014;21.85;0.91;78.55;0.639
80038;Distrito Sintético 38;2014;16.88;1.27;45.42;0.569
80039;Distrito Sintético 39;2014;21.51;0.92;58.6;0.363
80040;Distrito Sintético 40;2014;21.44;4.07;64.31;0.191
80041;Distrito Sintético 41;2014;17.56;4.17;53.26;0.792
80042;Distrito Sintético 42;2014;16.49;3.28;42.73;0.79
80043;Distrito Sintético 43;2014;24.64;2.7;81.7;0.605
80044;Distrito Sintético 44;2014;22.23;2.62;79.4;0.565
80045;Distrito Sintético 45;2014;24.32;2.85;41.1;0.252
80046;Distrito Sintético 46;2014;19.06;2.37;59.09;0.28
80047;Distrito Sintético 47;2014;23.86;1.32;83.93;0.131
80048;Distrito Sintético 48;2014;23.44;4.52;91.83;0.184
80049;Distrito Sintético 49;2014;24.69;4.87;76.07;0.265
80050;Distrito Sintético 50;2014;16.93;3.63;79.7;0.117
80051;Distrito Sintético 51;2014;18.18;0.91;52.03;0.167
80052;Distrito Sintético 52;2014;22.4;2.33;38.61;0.477
80053;Distrito Sintético 53;2014;15.48;2.4;80.36;0.262
80054;Distrito Sintético 54;2014;19.08;2.94;37.17;0.263
80055;Distrito Sintético 55;2014;17.32;2.29;79.0;0.737
80056;Distrito Sintético 56;2014;15.57;4.94;51.31;0.526
80057;Distrito Sintético 57;2014;14.86;2.24;76.23;0.41
80058;Distrito Sintético 58;2014;15.28;3.49;59.55;0.746
80059;Distrito Sintético 59;2014;21.55;3.41;30.32;0.21
80060;Distrito Sintético 60;2014;14.79;1.78;85.86;0.737
80061;Distrito Sintético 61;2014;21.34;1.96;67.71;0.658
80062;Distrito Sintético 62;2014;19.18;3.09;61.21;0.323
80063;Distrito Sintético 63;2014;12.73;0.52;68.05;0.389
80064;Distrito Sintético 64;2014;20.12;3.86;42.82;0.484
80065;Distrito Sintético 65;2014;21.41;4.69;63.21;0.543
80066;Distrito Sintético 66;2014;17.95;1.22;78.94;0.306
80067;Distrito Sintético 67;2014;17.56;2.08;38.47;0.137
80068;Distrito Sintético 68;2014;16.61;2.24;68.71;0.371
80069;Distrito Sintético 69;2014;18.73;4.18;72.15;0.517
80070;Distrito Sintético 70;2014;19.18;3.34;71.49;0.536
80071;Distrito Sintético 71;2014;20.81;3.75;62.79;0.359
80072;Distrito Sintético 72;2014;19.2;4.19;55.6;0.739
80073;Distrito Sintético 73;2014;22.01;3.22;84.14;0.494
80074;Distrito Sintético 74;2014;22.25;3.01;41.24;0.64
80075;Distrito Sintético 75;2014;17.81;4.12;94.69;0.526
80076;Distrito Sintético 76;2014;17.48;2.88;91.04;0.248
80077;Distrito Sintético 77;2014;20.41;4.81;46.35;0.524
80078;Distrito Sintético 78;2014;25.18;2.62;53.49;0.102
80079;Distrito Sintético 79;2014;17.44;0.84;42.69;0.19
80080;Distrito Sintético 80;2014;15.05;3.94;57.87;0.425
80081;Distrito Sintético 81;2014;14.06;4.17;69.35;0.167
80082;Distrito Sintético 82;2014;17.99;1.41;61.14;0.58
80083;Distrito Sintético 83;2014;20.22;3.68;65.69;0.779
80084;Distrito Sintético 84;2014;30.14;1.55;59.88;0.479
80085;Distrito Sintético 85;2014;13.57;3.97;68.62;0.71
80086;Distrito Sintético 86;2014;21.13;1.36;70.76;0.461
80087;Distrito Sintético 87;2014;14.68;1.03;74.01;0.777
80088;Distrito Sintético 88;2014;18.63;1.6;67.33;0.783
80089;Distrito Sintético 89;2014;17.2;1.03;91.19;0.485
80090;Distrito Sintético 90;2014;25.04;3.63;42.98;0.422
80091;Distrito Sintético 91;2014;15.65;3.59;61.26;0.649
80092;Distrito Sintético 92;2014;27.11;2.7;51.25;0.374
80093;Distrito Sintético 93;2014;16.56;0.73;72.11;0.327
80094;Distrito Sintético 94;2014;15.12;3.74;39.33;0.662
80095;Distrito Sintético 95;2014;19.32;1.79;82.2;0.307
80096;Distrito Sintético 96;2014;20.78;1.89;45.88;0.406
80001;Distrito Sintético 1;2015;19.28;4.48;55.92;0.66
80002;Distrito Sintético 2;2015;20.88;2.88;81.56;0.261
80003;Distrito Sintético 3;2015;14.68;4.67;50.48;0.259
80004;Distrito Sintético 4;2015;21.46;4.54;82.54;0.465
80005;Distrito Sintético 5;2015;20.43;3.07;64.55;0.171
80006;Distrito Sintético 6;2015;20.3;3.45;51.82;0.67
80007;Distrito Sintético 7;2015;21.63;4.27;73.01;0.767
80008;Distrito Sintético 8;2015;23.64;1.76;89.35;0.502
80009;Distrito Sintético 9;2015;16.87;3.1;76.93;0.616
80010;Distrito Sintético 10;2015;20.48;3.23;51.33;0.777
80011;Distrito Sintético 11;2015;21.29;0.9;89.42;0.783
80012;Distrito Sintético 12;2015;16.26;1.58;73.97;0.593
80013;Distrito Sintético 13;2015;22.06;3.79;42.52;0.82
80014;Distrito Sintético 14;2015;19.78;1.52;38.95;0.172
80015;Distrito Sintético 15;2015;21.92;2.64;65.71;0.117
80016;Distrito Sintético 16;2015;18.44;3.24;51.78;0.447
80017;Distrito Sintético 17;2015;14.2;2.32;90.13;0.84
80018;Distrito Sintético 18;2015;13.07;4.88;52.09;0.254
80019;Distrito Sintético 19;2015;20.81;2.01;38.03;0.735
80020;Distrito Sintético 20;2015;21.2;0.51;48.66;0.387
80021;Distrito Sintético 21;2015;20.75;3.27;69.65;0.521
80022;Distrito Sintético 22;2015;17.32;2.29;77.1;0.244
80023;Distrito Sintético 23;2015;18.01;0.74;55.42;0.836
80024;Distrito Sintético 24;2015;15.29;2.43;68.61;0.408
80025;Distrito Sintético 25;2015;22.51;1.77;88.62;0.537
80026;Distrito Sintético 26;2015;19.62;0.53;39.4;0.37
80027;Distrito Sintético 27;2015;23.06;1.44;92.03;0.148
80028;Distrito Sintético 28;2015;22.73;0.63;72.35;0.459
80029;Distrito Sintético 29;2015;22.55;3.89;30.51;0.417
80030;Distrito Sintético 30;2015;18.3;2.67;47.43;0.592
80031;Distrito Sintético 31;2015;13.36;2.42;54.52;0.558
80032;Distrito Sintético 32;2015;22.86;3.72;61.27;0.388
80033;Distrito Sintético 33;2015;17.92;0.89;55.47;0.108
80034;Distrito Sintético 34;2015;20.82;4.83;36.23;0.199
80035;Distrito Sintético 35;2015;16.22;2.22;47.79;0.227
80036;Distrito Sintético 36;2015;17.05;3.83;30.71;0.756
80037;Distrito Sintético 37;2015;15.6;2.26;75.35;0.588
80038;Distrito Sintético 38;2015;20.2;0.7;80.76;0.501
80039;Distrito Sintético 39;2015;19.83;1.78;80.01;0.84
80040;Distrito Sintético 40;2015;19.56;3.01;83.76;0.59
80041;Distrito Sintético 41;2015;20.49;1.47;54.77;0.352
80042;Distrito Sintético 42;2015;16.35;4.95;56.81;0.177
80043;Distrito Sintético 43;2015;21.19;1.76;35.52;0.773
80044;Distrito Sintético 44;2015;23.09;4.18;39.59;0.573
80045;Distrito Sintético 45;2015;13.77;2.77;33.02;0.81
80046;Distrito Sintético 46;2015;19.75;3.47;92.75;0.527
80047;Distrito Sintético 47;2015;17.33;0.98;33.39;0.869
80048;Distrito Sintético 48;2015;17.9;1.88;62.82;0.622
80049;Distrito Sintético 49;2015;21.52;1.84;71.33;0.368
80050;Distrito Sintético 50;2015;20.26;4.83;79.92;0.287
80051;Distrito Sintético 51;2015;17.8;1.6;57.8;0.838
80052;Distrito Sintético 52;2015;22.6;3.93;56.85;0.419
80053;Distrito Sintético 53;2015;19.35;4.69;91.74;0.482
80054;Distrito Sintético 54;2015;21.46;4.27;61.2;0.76
80055;Distrito Sintético 55;2015;18.4;1.92;80.85;0.54
80056;Distrito Sintético 56;2015;17.48;3.42;88.28;0.31
80057;Distrito Sintético 57;2015;15.67;3.73;68.31;0.366
80058;Distrito Sintético 58;2015;16.01;3.99;74.45;0.539
80059;Distrito Sintético 59;2015;13.86;2.08;77.29;0.316
80060;Distrito Sintético 60;2015;15.06;1.15;42.03;0.85
80061;Distrito Sintético 61;2015;16.38;1.53;35.03;0.211
80062;Distrito Sintético 62;2015;16.13;1.43;63.42;0.267
80063;Distrito Sintético 63;2015;16.48;2.91;84.54;0.661
80064;Distrito Sintético 64;2015;19.52;0.77;88.94;0.368
80065;Distrito Sintético 65;2015;18.72;4.32;67.68;0.138
80066;Distrito Sintético 66;2015;17.64;3.94;35.26;0.311
80067;Distrito Sintético 67;2015;15.59;2.73;65.79;0.704
80068;Distrito Sintético 68;2015;20.92;3.28;48.96;0.211
80069;Distrito Sintético 69;2015;14.36;2.81;68.15;0.171
80070;Distrito Sintético 70;2015;17.92;0.7;85.13;0.848
80071;Distrito Sintético 71;2015;25.93;4.33;51.46;0.725
80072;Distrito Sintético 72;2015;20.53;1.44;77.21;0.742
80073;Distrito Sintético 73;2015;16.76;3.62;68.86;0.766
80074;Distrito Sintético 74;2015;19.13;4.61;73.16;0.604
80075;Distrito Sintético 75;2015;13.61;0.55;49.23;0.764
80076;Distrito Sintético 76;2015;21.86;1.47;88.28;0.435
80077;Distrito Sintético 77;2015;16.62;0.51;45.18;0.623
80078;Distrito Sintético 78;2015;20.71;4.74;75.09;0.135
80079;Distrito Sintético 79;2015;18.94;3.35;56.59;0.672
80080;Distrito Sintético 80;2015;23.64;4.17;38.52;0.263
80081;Distrito Sintético 81;2015;16.42;2.08;42.1;0.586
80082;Distrito Sintético 82;2015;20.84;2.58;88.95;0.849
80083;Distrito Sintético 83;2015;21.44;2.31;85.36;0.836
80084;Distrito Sintético 84;2015;18.27;1.65;36.41;0.865
80085;Distrito Sintético 85;2015;15.07;3.52;79.28;0.101
80086;Distrito Sintético 86;2015;17.26;2.82;85.46;0.466
80087;Distrito Sintético 87;2015;24.44;2.78;78.34;0.782
80088;Distrito Sintético 88;2015;23.29;1.01;67.21;0.527
80089;Distrito Sintético 89;2015;15.48;3.47;61.29;0.401
80090;Distrito Sintético 90;2015;15.84;3.18;34.18;0.123
80091;Distrito Sintético 91;2015;17.47;2.67;85.86;0.679
80092;Distrito Sintético 92;2015;16.13;4.03;83.0;0.328
80093;Distrito Sintético 93;2015;25.08;4.97;39.65;0.881
80094;Distrito Sintético 94;2015;19.63;1.51;71.49;0.859
80095;Distrito Sintético 95;2015;18.85;1.16;94.8;0.116
80096;Distrito Sintético 96;2015;18.52;0.98;32.23;0.781
80001;Distrito Sintético 1;2016;18.54;3.2;89.35;0.77
80002;Distrito Sintético 2;2016;21.37;0.74;91.04;0.124
80003;Distrito Sintético 3;2016;25.87;3.3;72.49;0.737
80004;Distrito Sintético 4;2016;25.87;1.02;86.45;0.761
80005;Distrito Sintético 5;2016;19.16;3.21;55.68;0.187
80006;Distrito Sintético 6;2016;17.97;2.87;79.21;0.481
80007;Distrito Sintético 7;2016;24.1;1.12;90.96;0.132
80008;Distrito Sintético 8;2016;17.44;3.59;53.15;0.238
80009;Distrito Sintético 9;2016;16.01;3.0;34.76;0.813
80010;Distrito Sintético 10;2016;17.06;4.46;72.86;0.206
80011;Distrito Sintético 11;2016;19.52;3.08;44.9;0.713
80012;Distrito Sintético 12;2016;13.14;4.57;65.1;0.291
80013;Distrito Sintético 13;2016;13.82;4.9;93.76;0.87
80014;Distrito Sintético 14;2016;12.84;4.28;32.89;0.337
80015;Distrito Sintético 15;2016;21.05;1.76;59.06;0.811
80016;Distrito Sintético 16;2016;20.32;3.3;84.01;0.117
80017;Distrito Sintético 17;2016;15.15;3.26;60.41;0.833
80018;Distrito Sintético 18;2016;16.3;4.27;66.14;0.653
80019;Distrito Sintético 19;2016;15.69;1.49;63.82;0.22
80020;Distrito Sintético 20;2016;22.71;2.23;80.08;0.244
80021;Distrito Sintético 21;2016;14.17;4.87;88.08;0.871
80022;Distrito Sintético 22;2016;16.96;4.57;68.19;0.562
80023;Distrito Sintético 23;2016;18.68;3.21;75.68;0.11
80024;Distrito Sintético 24;2016;24.44;3.33;62.45;0.137
80025;Distrito Sintético 25;2016;17.28;2.4;41.62;0.174
80026;Distrito Sintético 26;2016;25.04;1.01;54.76;0.601
80027;Distrito Sintético 27;2016;16.16;3.26;39.2;0.403
80028;Distrito Sintético 28;2016;17.95;0.66;36.92;0.699
80029;Distrito Sintético 29;2016;14.92;4.53;58.78;0.315
80030;Distrito Sintético 30;2016;20.56;2.84;88.08;0.789
80031;Distrito Sintético 31;2016;17.3;1.2;72.05;0.894
80032;Distrito Sintético 32;2016;23.36;3.98;90.04;0.619
80033;Distrito Sintético 33;2016;11.7;1.16;86.82;0.326
80034;Distrito Sintético 34;2016;13.71;4.31;62.43;0.297
80035;Distrito Sintético 35;2016;12.85;2.99;75.24;0.598
80036;Distrito Sintético 36;2016;19.73;3.68;41.6;0.143
80037;Distrito Sintético 37;2016;17.52;1.32;34.6;0.289
80038;Distrito Sintético 38;2016;21.77;2.18;89.41;0.194
80039;Distrito Sintético 39;2016;20.34;2.56;86.95;0.471
80040;Distrito Sintético 40;2016;21.47;1.97;47.88;0.566
80041;Distrito Sintético 41;2016;19.4;2.74;38.69;0.216
80042;Distrito Sintético 42;2016;19.06;1.11;88.34;0.545
80043;Distrito Sintético 43;2016;16.57;3.61;39.84;0.456
80044;Distrito Sintético 44;2016;23.93;2.0;35.45;0.522
80045;Distrito Sintético 45;2016;21.67;1.09;36.34;0.747
80046;Distrito Sintético 46;2016;16.51;3.37;31.72;0.662
80047;Distrito Sintético 47;2016;12.5;0.63;43.51;0.375
80048;Distrito Sintético 48;2016;16.41;0.79;60.85;0.743
80049;Distrito Sintético 49;2016;20.46;2.95;69.16;0.757
80050;Distrito Sintético 50;2016;13.98;4.61;73.39;0.821
80051;Distrito Sintético 51;2016;15.41;4.27;34.16;0.157
80052;Distrito Sintético 52;2016;21.89;2.5;77.18;0.794
80053;Distrito Sintético 53;2016;17.54;0.71;86.03;0.854
80054;Distrito Sintético 54;2016;15.89;3.28;78.94;0.745
80055;Distrito Sintético 55;2016;16.76;2.12;92.16;0.764
80056;Distrito Sintético 56;2016;19.0;3.97;82.35;0.482
80057;Distrito Sintético 57;2016;18.55;4.06;66.28;0.878
80058;Distrito Sintético 58;2016;19.29;2.73;61.06;0.779
80059;Distrito Sintético 59;2016;21.27;2.69;76.38;0.577
80060;Distrito Sintético 60;2016;20.0;3.77;86.11;0.527
80061;Distrito Sintético 61;2016;17.36;4.5;66.94;0.302
80062;Distrito Sintético 62;2016;22.83;2.96;61.8;0.203
80063;Distrito Sintético 63;2016;12.72;4.02;40.34;0.401
80064;Distrito Sintético 64;2016;15.46;2.62;85.39;0.899
80065;Distrito Sintético 65;2016;21.03;1.35;65.03;0.251
80066;Distrito Sintético 66;2016;19.04;0.54;63.6;0.64
80067;Distrito Sintético 67;2016;18.36;3.32;70.61;0.643
80068;Distrito Sintético 68;2016;21.3;4.18;69.46;0.38
80069;Distrito Sintético 69;2016;21.44;2.76;65.97;0.323
80070;Distrito Sintético 70;2016;16.54;3.21;58.09;0.813
80071;Distrito Sintético 71;2016;18.71;1.09;70.27;0.485
80072;Distrito Sintético 72;2016;23.34;4.62;60.68;0.439
80073;Distrito Sintético 73;2016;18.69;2.26;37.02;0.129
80074;Distrito Sintético 74;2016;16.78;2.41;93.34;0.751
80075;Distrito Sintético 75;2016;23.9;1.09;84.79;0.164
80076;Distrito Sintético 76;2016;16.1;2.01;49.11;0.586
80077;Distrito Sintético 77;2016;17.09;2.79;66.5;0.173
80078;Distrito Sintético 78;2016;15.29;2.93;79.51;0.788
80079;Distrito Sintético 79;2016;18.94;2.19;44.87;0.288
80080;Distrito Sintético 80;2016;12.78;2.48;74.38;0.64
80081;Distrito Sintético 81;2016;20.16;2.76;59.85;0.606
80082;Distrito Sintético 82;2016;20.49;3.98;81.01;0.514
80083;Distrito Sintético 83;2016;15.87;3.93;88.46;0.557
80084;Distrito Sintético 84;2016;15.18;4.88;42.85;0.805
80085;Distrito Sintético 85;2016;26.14;2.3;72.06;0.533
80086;Distrito Sintético 86;2016;19.0;4.35;55.77;0.862
80087;Distrito Sintético 87;2016;16.9;3.38;59.91;0.422
80088;Distrito Sintético 88;2016;23.63;2.44;77.12;0.336
80089;Distrito Sintético 89;2016;18.49;0.8;88.97;0.32
80090;Distrito Sintético 90;2016;17.73;3.65;87.92;0.242
80091;Distrito Sintético 91;2016;20.97;3.86;74.18;0.761
80092;Distrito Sintético 92;2016;26.52;4.63;67.46;0.798
80093;Distrito Sintético 93;2016;16.31;0.54;48.42;0.695
80094;Distrito Sintético 94;2016;15.02;1.48;70.61;0.601
80095;Distrito Sintético 95;2016;15.0;0.85;83.07;0.344
80096;Distrito Sintético 96;2016;24.57;3.74;61.11;0.527
80001;Distrito Sintético 1;2017;24.89;1.84;58.27;0.687
80002;Distrito Sintético 2;2017;19.98;0.75;83.24;0.778
80003;Distrito Sintético 3;2017;26.86;1.42;60.73;0.58
80004;Distrito Sintético 4;2017;14.76;3.01;60.29;0.576
80005;Distrito Sintético 5;2017;23.45;0.51;79.21;0.216
80006;Distrito Sintético 6;2017;27.0;2.09;91.73;0.432
80007;Distrito Sintético 7;2017;22.26;1.42;87.05;0.431
80008;Distrito Sintético 8;2017;17.08;2.09;81.82;0.479
80009;Distrito Sintético 9;2017;21.67;4.63;80.16;0.33
80010;Distrito Sintético 10;2017;21.26;0.55;60.86;0.202
80011;Distrito Sintético 11;2017;13.04;2.12;76.22;0.433
80012;Distrito Sintético 12;2017;16.59;2.9;80.73;0.677
80013;Distrito Sintético 13;2017;12.35;2.17;85.0;0.401
80014;Distrito Sintético 14;2017;13.61;1.36;38.12;0.864
80015;Distrito Sintético 15;2017;12.89;3.59;76.61;0.481
80016;Distrito Sintético 16;2017;24.74;1.94;77.82;0.397
80017;Distrito Sintético 17;2017;24.2;4.51;32.85;0.275
80018;Distrito Sintético 18;2017;14.85;1.82;57.06;0.785
80019;Distrito Sintético 19;2017;9.72;1.33;32.2;0.765
80020;Distrito Sintético 20;2017;19.36;1.98;49.42;0.694
80021;Distrito Sintético 21;2017;16.8;0.81;71.39;0.231
80022;Distrito Sintético 22;2017;15.61;4.62;84.82;0.617
80023;Distrito Sintético 23;2017;18.43;4.61;71.78;0.442
80024;Distrito Sintético 24;2017;22.22;4.99;90.9;0.544
80025;Distrito Sintético 25;2017;16.39;2.49;77.09;0.829
80026;Distrito Sintético 26;2017;17.31;2.84;63.89;0.147
80027;Distrito Sintético 27;2017;13.15;1.48;44.93;0.552
80028;Distrito Sintético 28;2017;20.86;4.81;52.56;0.289
80029;Distrito Sintético 29;2017;16.89;4.1;80.89;0.736
80030;Distrito Sintético 30;2017;17.04;2.25;72.17;0.515
80031;Distrito Sintético 31;2017;16.34;0.94;85.52;0.308
80032;Distrito Sintético 32;2017;24.32;2.85;91.37;0.677
80033;Distrito Sintético 33;2017;17.14;4.89;43.56;0.155
80034;Distrito Sintético 34;2017;22.93;1.34;59.34;0.572
80035;Distrito Sintético 35;2017;20.24;2.12;91.09;0.101
80036;Distrito Sintético 36;2017;20.9;3.56;84.82;0.596
80037;Distrito Sintético 37;2017;22.92;2.8;79.58;0.386
80038;Distrito Sintético 38;2017;21.06;1.03;57.28;0.208
80039;Distrito Sintético 39;2017;18.85;3.65;67.23;0.215
80040;Distrito Sintético 40;2017;23.44;3.18;36.71;0.315
80041;Distrito Sintético 41;2017;16.49;3.63;74.66;0.395
80042;Distrito Sintético 42;2017;19.55;3.89;48.49;0.473
80043;Distrito Sintético 43;2017;15.9;3.4;74.9;0.664
80044;Distrito Sintético 44;2017;19.19;2.15;91.12;0.803
80045;Distrito Sintético 45;2017;18.8;1.67;82.54;0.419
80046;Distrito Sintético 46;2017;17.24;3.77;74.09;0.83
80047;Distrito Sintético 47;2017;19.3;3.92;37.92;0.537
80048;Distrito Sintético 48;2017;18.27;3.17;93.63;0.225
80049;Distrito Sintético 49;2017;13.47;3.91;85.93;0.866
80050;Distrito Sintético 50;2017;16.1;2.42;34.41;0.683
80051;Distrito Sintético 51;2017;18.08;1.67;35.44;0.872
80052;Distrito Sintético 52;2017;14.96;3.72;93.95;0.498
80053;Distrito Sintético 53;2017;16.96;1.98;79.08;0.623
80054;Distrito Sintético 54;2017;24.07;4.7;65.84;0.824
80055;Distrito Sintético 55;2017;16.6;0.6;33.37;0.205
80056;Distrito Sintético 56;2017;19.11;3.83;79.72;0.627
80057;Distrito Sintético 57;2017;12.7;3.56;35.49;0.827
80058;Distrito Sintético 58;2017;21.18;3.7;92.72;0.818
80059;Distrito Sintético 59;2017;17.96;0.81;48.76;0.254
80060;Distrito Sintético 60;2017;21.78;4.69;61.12;0.66
80061;Distrito Sintético 61;2017;16.6;4.65;81.96;0.158
80062;Distrito Sintético 62;2017;20.58;4.08;82.84;0.632
80063;Distrito Sintético 63;2017;16.62;3.77;54.24;0.52
80064;Distrito Sintético 64;2017;16.61;3.02;87.47;0.441
80065;Distrito Sintético 65;2017;20.17;2.79;37.26;0.715
80066;Distrito Sintético 66;2017;13.75;3.68;82.71;0.887
80067;Distrito Sintético 67;2017;19.26;2.79;65.21;0.332
80068;Distrito Sintético 68;2017;22.97;1.81;83.9;0.234
80069;Distrito Sintético 69;2017;17.79;3.72;82.79;0.123
80070;Distrito Sintético 70;2017;18.84;1.76;61.88;0.538
80071;Distrito Sintético 71;2017;20.83;4.92;31.03;0.705
80072;Distrito Sintético 72;2017;18.79;4.5;76.3;0.71
80073;Distrito Sintético 73;2017;15.81;2.13;94.53;0.547
80074;Distrito Sintético 74;2017;19.86;3.7;73.3;0.252
80075;Distrito Sintético 75;2017;16.21;4.22;69.22;0.155
80076;Distrito Sintético 76;2017;21.42;1.9;85.34;0.471
80077;Distrito Sintético 77;2017;18.94;1.32;52.14;0.843
80078;Distrito Sintético 78;2017;15.77;3.16;56.56;0.844
80079;Distrito Sintético 79;2017;19.19;3.34;32.67;0.598
80080;Distrito Sintético 80;2017;20.55;1.21;39.13;0.824
80081;Distrito Sintético 81;2017;16.05;1.2;69.57;0.346
80082;Distrito Sintético 82;2017;18.87;2.31;40.23;0.669
80083;Distrito Sintético 83;2017;15.34;3.12;56.45;0.295
80084;Distrito Sintético 84;2017;19.12;1.14;64.88;0.112
80085;Distrito Sintético 85;2017;16.18;3.94;67.79;0.14
80086;Distrito Sintético 86;2017;21.91;1.5;49.57;0.355
80087;Distrito Sintético 87;2017;16.33;3.82;72.9;0.191
80088;Distrito Sintético 88;2017;21.13;4.53;55.8;0.747
80089;Distrito Sintético 89;2017;17.88;3.33;38.73;0.402
80090;Distrito Sintético 90;2017;18.19;1.22;50.55;0.466
80091;Distrito Sintético 91;2017;21.42;4.88;74.14;0.175
80092;Distrito Sintético 92;2017;20.87;2.46;44.67;0.557
80093;Distrito Sintético 93;2017;22.39;2.92;88.5;0.585
80094;Distrito Sintético 94;2017;20.95;2.99;36.54;0.872
80095;Distrito Sintético 95;2017;18.72;2.06;40.07;0.588
80096;Distrito Sintético 96;2017;20.52;0.94;67.3;0.353
80001;Distrito Sintético 1;2018;20.38;0.69;74.15;0.716
80002;Distrito Sintético 2;2018;23.19;3.67;72.03;0.167
80003;Distrito Sintético 3;2018;14.95;1.51;88.13;0.851
80004;Distrito Sintético 4;2018;13.53;3.18;78.15;0.666
80005;Distrito Sintético 5;2018;14.86;0.84;78.23;0.789
80006;Distrito Sintético 6;2018;24.15;1.33;46.59;0.253
80007;Distrito Sintético 7;2018;14.28;4.18;51.43;0.396
80008;Distrito Sintético 8;2018;18.33;2.08;87.21;0.874
80009;Distrito Sintético 9;2018;23.43;4.54;83.81;0.123
80010;Distrito Sintético 10;2018;17.31;0.6;39.96;0.607
80011;Distrito Sintético 11;2018;14.74;3.94;67.73;0.343
80012;Distrito Sintético 12;2018;21.62;1.79;61.3;0.512
80013;Distrito Sintético 13;2018;13.6;4.35;63.96;0.628
80014;Distrito Sintético 14;2018;16.46;4.08;59.31;0.39
80015;Distrito Sintético 15;2018;15.57;2.79;73.17;0.694
80016;Distrito Sintético 16;2018;17.84;1.17;64.15;0.201
80017;Distrito Sintético 17;2018;24.74;3.9;38.96;0.229
80018;Distrito Sintético 18;2018;15.56;4.08;90.13;0.818
80019;Distrito Sintético 19;2018;21.86;0.58;81.56;0.495
80020;Distrito Sintético 20;2018;18.58;4.46;31.89;0.366
80021;Distrito Sintético 21;2018;14.37;3.27;44.98;0.736
80022;Distrito Sintético 22;2018;18.68;2.77;93.07;0.297
80023;Distrito Sintético 23;2018;21.51;3.01;38.65;0.832
80024;Distrito Sintético 24;2018;17.04;4.46;45.73;0.597
80025;Distrito Sintético 25;2018;14.29;4.22;76.83;0.879
80026;Distrito Sintético 26;2018;18.18;4.55;39.46;0.774
80027;Distrito Sintético 27;2018;15.4;1.44;87.43;0.894
80028;Distrito Sintético 28;2018;20.89;4.31;82.51;0.508
80029;Distrito Sintético 29;2018;17.21;3.23;80.25;0.475
80030;Distrito Sintético 30;2018;18.01;1.7;68.62;0.703
80031;Distrito Sintético 31;2018;20.49;3.38;64.9;0.52
80032;Distrito Sintético 32;2018;21.47;2.29;67.09;0.862
80033;Distrito Sintético 33;2018;22.7;2.95;30.64;0.224
80034;Distrito Sintético 34;2018;19.53;2.1;46.0;0.658
80035;Distrito Sintético 35;2018;12.15;1.11;36.94;0.641
80036;Distrito Sintético 36;2018;15.1;3.49;30.03;0.79
80037;Distrito Sintético 37;2018;23.93;1.21;72.44;0.163
80038;Distrito Sintético 38;2018;24.59;4.24;77.98;0.746
80039;Distrito Sintético 39;2018;21.52;4.07;55.77;0.842
80040;Distrito Sintético 40;2018;12.26;3.14;34.59;0.626
80041;Distrito Sintético 41;2018;12.78;0.99;30.3;0.32
80042;Distrito Sintético 42;2018;16.31;3.92;92.93;0.443
80043;Distrito Sintético 43;2018;17.03;4.82;42.49;0.846
80044;Distrito Sintético 44;2018;18.43;4.24;67.22;0.797
80045;Distrito Sintético 45;2018;19.04;4.29;42.21;0.699
80046;Distrito Sintético 46;2018;18.35;1.93;93.84;0.25
80047;Distrito Sintético 47;2018;17.19;4.05;52.55;0.188
80048;Distrito Sintético 48;2018;17.72;4.18;33.86;0.251
80049;Distrito Sintético 49;2018;15.05;4.76;85.91;0.641
80050;Distrito Sintético 50;2018;18.31;4.11;85.35;0.484
80051;Distrito Sintético 51;2018;13.79;2.33;53.73;0.371
80052;Distrito Sintético 52;2018;17.05;4.28;32.53;0.821
80053;Distrito Sintético 53;2018;17.07;2.59;91.37;0.177
80054;Distrito Sintético 54;2018;20.43;1.23;31.55;0.386
80055;Distrito Sintético 55;2018;23.78;0.57;74.82;0.63
80056;Distrito Sintético 56;2018;18.5;0.78;94.99;0.754
80057;Distrito Sintético 57;2018;12.93;2.46;47.31;0.263
80058;Distrito Sintético 58;2018;19.24;2.69;82.08;0.681
80059;Distrito Sintético 59;2018;20.57;3.01;54.23;0.62
80060;Distrito Sintético 60;2018;15.33;4.03;90.78;0.263
80061;Distrito Sintético 61;2018;14.3;3.2;55.01;0.865
80062;Distrito Sintético 62;2018;15.04;1.42;58.06;0.628
80063;Distrito Sintético 63;2018;15.95;1.37;82.88;0.802
80064;Distrito Sintético 64;2018;15.5;1.49;83.99;0.104
80065;Distrito Sintético 65;2018;15.31;4.18;64.71;0.824
80066;Distrito Sintético 66;2018;16.41;0.93;89.99;0.673
80067;Distrito Sintético 67;2018;12.39;4.52;39.23;0.434
80068;Distrito Sintético 68;2018;19.08;1.32;64.34;0.537
80069;Distrito Sintético 69;2018;16.85;4.63;67.85;0.467
80070;Distrito Sintético 70;2018;16.43;4.9;60.98;0.77
80071;Distrito Sintético 71;2018;17.51;2.61;91.4;0.683
80072;Distrito Sintético 72;2018;20.58;3.73;50.83;0.468
80073;Distrito Sintético 73;2018;20.7;4.07;50.72;0.51
80074;Distrito Sintético 74;2018;19.06;0.92;68.28;0.704
80075;Distrito Sintético 75;2018;20.52;2.89;37.04;0.727
80076;Distrito Sintético 76;2018;17.69;1.74;89.54;0.704
80077;Distrito Sintético 77;2018;19.92;2.73;33.65;0.682
80078;Distrito Sintético 78;2018;15.68;3.11;35.77;0.885
80079;Distrito Sintético 79;2018;18.22;0.58;58.45;0.172
80080;Distrito Sintético 80;2018;22.99;1.18;79.73;0.239
80081;Distrito Sintético 81;2018;22.74;0.95;63.62;0.514
80082;Distrito Sintético 82;2018;24.19;4.32;87.15;0.341
80083;Distrito Sintético 83;2018;18.37;1.8;85.99;0.205
80084;Distrito Sintético 84;2018;21.18;3.06;88.58;0.519
80085;Distrito Sintético 85;2018;17.78;0.77;38.95;0.203
80086;Distrito Sintético 86;2018;15.0;4.83;53.66;0.224
80087;Distrito Sintético 87;2018;22.2;2.04;78.6;0.769
80088;Distrito Sintético 88;2018;15.04;1.95;35.64;0.828
80089;Distrito Sintético 89;2018;24.53;2.82;71.52;0.149
80090;Distrito Sintético 90;2018;19.34;2.8;66.6;0.382
80091;Distrito Sintético 91;2018;22.79;1.96;32.39;0.486
80092;Distrito Sintético 92;2018;21.8;2.59;86.61;0.853
80093;Distrito Sintético 93;2018;13.27;4.89;76.14;0.252
80094;Distrito Sintético 94;2018;18.65;4.93;49.84;0.159
80095;Distrito Sintético 95;2018;16.41;0.6;59.69;0.592
80096;Distrito Sintético 96;2018;14.06;1.2;68.25;0.149
80001;Distrito Sintético 1;2019;13.22;4.15;76.35;0.609
80002;Distrito Sintético 2;2019;20.8;4.8;80.96;0.213
80003;Distrito Sintético 3;2019;21.14;2.54;75.02;0.281
80004;Distrito Sintético 4;2019;23.99;4.23;72.86;0.352
80005;Distrito Sintético 5;2019;19.75;4.69;61.54;0.516
80006;Distrito Sintético 6;2019;20.97;2.06;79.37;0.116
80007;Distrito Sintético 7;2019;19.93;0.69;33.66;0.797
80008;Distrito Sintético 8;2019;17.26;4.02;32.08;0.704
80009;Distrito Sintético 9;2019;19.41;3.38;69.42;0.497
80010;Distrito Sintético 10;2019;21.26;1.4;56.85;0.341
80011;Distrito Sintético 11;2019;18.78;3.56;77.97;0.163
80012;Distrito Sintético 12;2019;12.67;4.0;55.9;0.586
80013;Distrito Sintético 13;2019;16.89;0.5;76.77;0.257
80014;Distrito Sintético 14;2019;19.64;4.88;58.37;0.395
80015;Distrito Sintético 15;2019;15.12;2.38;67.08;0.176
80016;Distrito Sintético 16;2019;18.32;4.88;33.39;0.785
80017;Distrito Sintético 17;2019;21.09;4.27;93.26;0.191
80018;Distrito Sintético 18;2019;24.01;3.58;43.87;0.449
80019;Distrito Sintético 19;2019;14.73;2.94;53.88;0.795
80020;Distrito Sintético 20;2019;22.6;2.13;82.65;0.47
80021;Distrito Sintético 21;2019;21.0;0.77;74.28;0.206
80022;Distrito Sintético 22;2019;18.02;3.7;89.55;0.482
80023;Distrito Sintético 23;2019;18.15;4.71;41.41;0.287
80024;Distrito Sintético 24;2019;18.08;3.31;51.39;0.817
80025;Distrito Sintético 25;2019;20.02;3.74;65.42;0.54
80026;Distrito Sintético 26;2019;22.04;1.39;30.54;0.699
80027;Distrito Sintético 27;2019;17.07;0.81;94.59;0.197
80028;Distrito Sintético 28;2019;14.16;2.91;94.77;0.29
80029;Distrito Sintético 29;2019;25.83;2.09;53.89;0.338
80030;Distrito Sintético 30;2019;20.77;4.64;75.86;0.744
80031;Distrito Sintético 31;2019;23.44;0.82;60.64;0.862
80032;Distrito Sintético 32;2019;22.22;1.09;63.6;0.615
80033;Distrito Sintético 33;2019;19.74;4.48;39.71;0.671
80034;Distrito Sintético 34;2019;18.74;4.99;68.65;0.274
80035;Distrito Sintético 35;2019;23.31;3.86;47.98;0.156
80036;Distrito Sintético 36;2019;17.81;4.16;41.61;0.602
80037;Distrito Sintético 37;2019;20.1;1.8;62.02;0.474
80038;Distrito Sintético 38;2019;18.76;1.95;40.98;0.419
80039;Distrito Sintético 39;2019;18.25;2.92;43.53;0.367
80040;Distrito Sintético 40;2019;19.2;0.97;39.16;0.288
80041;Distrito Sintético 41;2019;15.09;4.14;61.27;0.745
80042;Distrito Sintético 42;2019;16.8;3.5;76.04;0.166
80043;Distrito Sintético 43;2019;23.8;1.28;43.76;0.514
80044;Distrito Sintético 44;2019;15.48;4.14;72.81;0.766
80045;Distrito Sintético 45;2019;16.78;4.43;31.95;0.449
80046;Distrito Sintético 46;2019;15.73;0.6;86.23;0.898
80047;Distrito Sintético 47;2019;20.69;4.11;54.73;0.333
80048;Distrito Sintético 48;2019;19.5;4.7;77.87;0.747
80049;Distrito Sintético 49;2019;22.19;0.8;44.54;0.252
80050;Distrito Sintético 50;2019;19.65;1.27;43.48;0.195
80051;Distrito Sintético 51;2019;20.39;1.92;90.88;0.833
80052;Distrito Sintético 52;2019;21.23;0.63;81.92;0.855
80053;Distrito Sintético 53;2019;17.29;3.2;76.29;0.588
80054;Distrito Sintético 54;2019;16.97;0.86;93.68;0.675
80055;Distrito Sintético 55;2019;17.15;2.67;42.79;0.735
80056;Distrito Sintético 56;2019;17.26;4.66;66.38;0.27
80057;Distrito Sintético 57;2019;12.66;3.71;37.1;0.725
80058;Distrito Sintético 58;2019;18.37;3.04;79.89;0.623
80059;Distrito Sintético 59;2019;18.07;0.59;37.86;0.375
80060;Distrito Sintético 60;2019;17.32;4.84;81.06;0.734
80061;Distrito Sintético 61;2019;20.82;2.6;51.37;0.551
80062;Distrito Sintético 62;2019;22.46;3.65;86.5;0.596
80063;Distrito Sintético 63;2019;19.59;0.55;83.87;0.406
80064;Distrito Sintético 64;2019;20.38;4.97;74.44;0.31
80065;Distrito Sintético 65;2019;15.62;1.33;38.41;0.662
80066;Distrito Sintético 66;2019;18.15;1.95;84.02;0.706
80067;Distrito Sintético 67;2019;24.56;4.27;80.33;0.613
80068;Distrito Sintético 68;2019;19.97;0.7;60.57;0.18
80069;Distrito Sintético 69;2019;15.93;4.72;89.45;0.189
80070;Distrito Sintético 70;2019;21.15;4.16;80.75;0.892
80071;Distrito Sintético 71;2019;15.85;2.0;63.21;0.858
80072;Distrito Sintético 72;2019;21.05;0.85;76.42;0.612
80073;Distrito Sintético 73;2019;22.68;3.59;87.49;0.436
80074;Distrito Sintético 74;2019;18.83;4.11;89.65;0.376
80075;Distrito Sintético 75;2019;19.89;3.4;57.9;0.206
80076;Distrito Sintético 76;2019;11.77;0.67;89.33;0.261
80077;Distrito Sintético 77;2019;14.31;3.2;42.75;0.875
80078;Distrito Sintético 78;2019;25.26;1.3;68.91;0.186
80079;Distrito Sintético 79;2019;15.98;4.31;41.34;0.448
80080;Distrito Sintético 80;2019;20.05;4.04;33.26;0.852
80081;Distrito Sintético 81;2019;16.45;1.49;37.23;0.664
80082;Distrito Sintético 82;2019;28.2;4.46;76.77;0.52
80083;Distrito Sintético 83;2019;20.79;3.65;54.47;0.895
80084;Distrito Sintético 84;2019;25.73;3.39;62.19;0.254
80085;Distrito Sintético 85;2019;16.86;2.68;55.95;0.874
80086;Distrito Sintético 86;2019;21.04;2.59;74.57;0.405
80087;Distrito Sintético 87;2019;19.93;3.77;52.58;0.253
80088;Distrito Sintético 88;2019;16.74;3.33;84.45;0.336
80089;Distrito Sintético 89;2019;22.41;2.39;79.23;0.68
80090;Distrito Sintético 90;2019;16.16;0.73;39.71;0.22
80091;Distrito Sintético 91;2019;18.13;2.11;89.29;0.65
80092;Distrito Sintético 92;2019;19.82;3.28;87.72;0.382
80093;Distrito Sintético 93;2019;16.62;4.53;42.0;0.5
80094;Distrito Sintético 94;2019;15.61;1.08;35.16;0.28
80095;Distrito Sintético 95;2019;19.38;1.43;66.41;0.446
80096;Distrito Sintético 96;2019;19.48;4.31;56.85;0.284
80001;Distrito Sintético 1;2020;19.38;4.07;59.56;0.809
80002;Distrito Sintético 2;2020;17.67;4.39;42.39;0.124
80003;Distrito Sintético 3;2020;17.07;1.61;48.57;0.267
80004;Distrito Sintético 4;2020;19.69;0.82;51.74;0.674
80005;Distrito Sintético 5;2020;20.16;0.93;38.66;0.865
80006;Distrito Sintético 6;2020;16.67;3.79;67.06;0.668
80007;Distrito Sintético 7;2020;15.9;1.96;78.45;0.348
80008;Distrito Sintético 8;2020;23.94;2.77;92.75;0.85
80009;Distrito Sintético 9;2020;17.63;1.21;92.73;0.273
80010;Distrito Sintético 10;2020;13.87;4.62;48.04;0.138
80011;Distrito Sintético 11;2020;16.72;0.89;43.73;0.531
80012;Distrito Sintético 12;2020;15.05;3.68;41.65;0.621
80013;Distrito Sintético 13;2020;17.46;2.91;52.2;0.461
80014;Distrito Sintético 14;2020;19.24;4.06;63.06;0.105
80015;Distrito Sintético 15;2020;16.34;0.99;41.95;0.244
80016;Distrito Sintético 16;2020;21.48;4.79;90.69;0.453
80017;Distrito Sintético 17;2020;21.53;3.58;87.69;0.733
80018;Distrito Sintético 18;2020;18.27;3.58;91.0;0.358
80019;Distrito Sintético 19;2020;17.42;1.71;88.67;0.274
80020;Distrito Sintético 20;2020;22.74;0.82;74.95;0.779
80021;Distrito Sintético 21;2020;17.82;3.24;76.92;0.173
80022;Distrito Sintético 22;2020;20.77;2.35;40.08;0.896
80023;Distrito Sintético 23;2020;18.86;1.47;47.01;0.559
80024;Distrito Sintético 24;2020;21.19;0.57;49.41;0.701
80025;Distrito Sintético 25;2020;21.32;1.68;58.28;0.574
80026;Distrito Sintético 26;2020;13.94;4.21;47.86;0.165
80027;Distrito Sintético 27;2020;15.33;3.51;72.62;0.778
80028;Distrito Sintético 28;2020;22.76;3.23;31.8;0.645
80029;Distrito Sintético 29;2020;20.44;2.84;80.98;0.694
80030;Distrito Sintético 30;2020;14.56;1.51;72.36;0.41
80031;Distrito Sintético 31;2020;20.2;1.93;70.2;0.197
80032;Distrito Sintético 32;2020;19.8;0.7;54.44;0.288
80033;Distrito Sintético 33;2020;22.02;4.43;32.19;0.267
80034;Distrito Sintético 34;2020;20.98;4.89;33.24;0.481
80035;Distrito Sintético 35;2020;17.99;3.31;46.13;0.676
80036;Distrito Sintético 36;2020;22.63;3.36;52.21;0.36
80037;Distrito Sintético 37;2020;15.83;1.59;86.85;0.15
80038;Distrito Sintético 38;2020;18.31;1.6;38.04;0.713
80039;Distrito Sintético 39;2020;18.81;3.23;41.34;0.733
80040;Distrito Sintético 40;2020;22.19;4.45;44.4;0.256
80041;Distrito Sintético 41;2020;18.01;4.36;75.87;0.551
80042;Distrito Sintético 42;2020;20.41;0.96;85.73;0.852
80043;Distrito Sintético 43;2020;18.26;3.83;71.69;0.285
80044;Distrito Sintético 44;2020;15.83;2.09;92.44;0.386
80045;Distrito Sintético 45;2020;20.06;1.92;81.02;0.795
80046;Distrito Sintético 46;2020;22.42;1.76;65.42;0.249
80047;Distrito Sintético 47;2020;22.03;2.93;48.09;0.366
80048;Distrito Sintético 48;2020;21.4;2.35;64.1;0.815
80049;Distrito Sintético 49;2020;14.21;0.75;52.17;0.116
80050;Distrito Sintético 50;2020;20.93;3.52;88.45;0.315
80051;Distrito Sintético 51;2020;16.51;4.09;66.79;0.245
80052;Distrito Sintético 52;2020;15.15;3.82;37.19;0.624
80053;Distrito Sintético 53;2020;14.92;2.73;52.12;0.673
80054;Distrito Sintético 54;2020;21.6;2.0;74.42;0.446
80055;Distrito Sintético 55;2020;20.0;4.72;90.3;0.305
80056;Distrito Sintético 56;2020;17.08;4.19;34.96;0.717
80057;Distrito Sintético 57;2020;15.78;0.77;83.64;0.462
80058;Distrito Sintético 58;2020;24.37;1.21;87.58;0.605
80059;Distrito Sintético 59;2020;16.53;0.77;81.1;0.271
80060;Distrito Sintético 60;2020;21.89;4.37;47.08;0.625
80061;Distrito Sintético 61;2020;18.7;3.18;40.85;0.498
80062;Distrito Sintético 62;2020;18.02;1.36;61.49;0.163
80063;Distrito Sintético 63;2020;20.47;4.98;54.57;0.547
80064;Distrito Sintético 64;2020;16.44;3.71;47.0;0.841
80065;Distrito Sintético 65;2020;15.49;4.05;50.5;0.526
80066;Distrito Sintético 66;2020;15.18;0.6;92.5;0.862
80067;Distrito Sintético 67;2020;16.06;0.73;31.65;0.554
80068;Distrito Sintético 68;2020;16.11;2.38;48.98;0.262
80069;Distrito Sintético 69;2020;16.85;2.96;68.57;0.718
80070;Distrito Sintético 70;2020;18.38;4.09;94.59;0.244
80071;Distrito Sintético 71;2020;17.43;0.56;52.13;0.838
80072;Distrito Sintético 72;2020;12.55;1.47;72.91;0.364
80073;Distrito Sintético 73;2020;17.78;4.14;64.28;0.298
80074;Distrito Sintético 74;2020;17.46;2.8;87.94;0.593
80075;Distrito Sintético 75;2020;21.34;2.02;90.46;0.797
80076;Distrito Sintético 76;2020;15.34;1.23;84.77;0.138
80077;Distrito Sintético 77;2020;15.29;1.0;50.8;0.868
80078;Distrito Sintético 78;2020;18.82;1.63;60.76;0.228
80079;Distrito Sintético 79;2020;16.45;2.61;70.18;0.215
80080;Distrito Sintético 80;2020;13.56;1.93;93.1;0.268
80081;Distrito Sintético 81;2020;18.87;4.18;92.0;0.628
80082;Distrito Sintético 82;2020;21.01;4.68;90.9;0.725
80083;Distrito Sintético 83;2020;21.11;4.4;42.23;0.875
80084;Distrito Sintético 84;2020;21.06;4.28;81.54;0.579
80085;Distrito Sintético 85;2020;15.28;4.58;55.71;0.525
80086;Distrito Sintético 86;2020;19.63;1.15;37.97;0.491
80087;Distrito Sintético 87;2020;15.5;2.19;83.71;0.881
80088;Distrito Sintético 88;2020;15.41;4.89;90.66;0.788
80089;Distrito Sintético 89;2020;21.0;1.44;33.51;0.781
80090;Distrito Sintético 90;2020;18.3;1.2;73.68;0.892
80091;Distrito Sintético 91;2020;18.2;1.04;30.12;0.185
80092;Distrito Sintético 92;2020;18.56;2.36;52.93;0.351
80093;Distrito Sintético 93;2020;19.27;0.53;54.42;0.184
80094;Distrito Sintético 94;2020;18.85;1.94;59.89;0.666
80095;Distrito Sintético 95;2020;15.91;3.9;40.36;0.84
80096;Distrito Sintético 96;2020;15.12;3.52;62.92;0.732
80001;Distrito Sintético 1;2021;13.39;2.17;35.3;0.252
80002;Distrito Sintético 2;2021;17.45;4.35;80.48;0.592
80003;Distrito Sintético 3;2021;12.93;0.8;35.41;0.249
80004;Distrito Sintético 4;2021;19.52;0.71;94.89;0.475
80005;Distrito Sintético 5;2021;14.77;3.04;46.18;0.492
80006;Distrito Sintético 6;2021;14.77;3.33;72.74;0.162
80007;Distrito Sintético 7;2021;19.0;3.29;79.23;0.894
80008;Distrito Sintético 8;2021;24.24;4.19;67.85;0.265
80009;Distrito Sintético 9;2021;14.66;3.24;87.53;0.859
80010;Distrito Sintético 10;2021;16.81;1.31;65.92;0.66
80011;Distrito Sintético 11;2021;22.86;4.05;92.4;0.257
80012;Distrito Sintético 12;2021;15.12;4.97;53.08;0.801
80013;Distrito Sintético 13;2021;21.75;1.81;60.8;0.301
80014;Distrito Sintético 14;2021;20.63;3.26;72.99;0.834
80015;Distrito Sintético 15;2021;21.89;3.94;56.62;0.8
80016;Distrito Sintético 16;2021;9.6;0.57;70.99;0.17
80017;Distrito Sintético 17;2021;18.83;0.59;34.46;0.274
80018;Distrito Sintético 18;2021;18.91;1.81;57.97;0.672
80019;Distrito Sintético 19;2021;13.44;2.2;57.29;0.563
80020;Distrito Sintético 20;2021;20.55;0.83;55.71;0.299
80021;Distrito Sintético 21;2021;25.74;2.12;94.12;0.678
80022;Distrito Sintético 22;2021;16.48;1.12;80.38;0.854
80023;Distrito Sintético 23;2021;16.52;4.54;60.23;0.512
80024;Distrito Sintético 24;2021;13.58;1.19;48.27;0.559
80025;Distrito Sintético 25;2021;26.32;4.34;39.45;0.631
80026;Distrito Sintético 26;2021;15.3;2.3;62.64;0.517
80027;Distrito Sintético 27;2021;17.86;4.66;47.79;0.268
80028;Distrito Sintético 28;2021;19.67;3.13;79.52;0.254
80029;Distrito Sintético 29;2021;16.87;2.11;93.05;0.746
80030;Distrito Sintético 30;2021;23.13;2.68;86.75;0.677
80031;Distrito Sintético 31;2021;17.56;4.18;73.53;0.514
80032;Distrito Sintético 32;2021;17.07;4.03;88.14;0.616
80033;Distrito Sintético 33;2021;15.34;1.87;89.88;0.269
80034;Distrito Sintético 34;2021;11.83;3.48;56.13;0.809
80035;Distrito Sintético 35;2021;15.84;3.78;67.44;0.179
80036;Distrito Sintético 36;2021;16.53;1.63;45.69;0.245
80037;Distrito Sintético 37;2021;19.97;1.69;37.31;0.153
80038;Distrito Sintético 38;2021;18.51;3.09;62.67;0.303
80039;Distrito Sintético 39;2021;21.31;2.46;63.07;0.702
80040;Distrito Sintético 40;2021;15.62;1.85;38.03;0.457
80041;Distrito Sintético 41;2021;17.7;4.39;82.43;0.116
80042;Distrito Sintético 42;2021;15.91;2.87;77.04;0.78
80043;Distrito Sintético 43;2021;18.46;4.24;80.95;0.431
80044;Distrito Sintético 44;2021;21.88;3.24;38.9;0.286
80045;Distrito Sintético 45;2021;15.71;1.85;50.6;0.717
80046;Distrito Sintético 46;2021;18.85;3.45;93.66;0.146
80047;Distrito Sintético 47;2021;16.46;2.76;46.07;0.113
80048;Distrito Sintético 48;2021;14.62;2.24;43.39;0.767
80049;Distrito Sintético 49;2021;14.77;2.42;64.07;0.821
80050;Distrito Sintético 50;2021;18.79;0.83;30.1;0.385
80051;Distrito Sintético 51;2021;17.04;4.43;81.92;0.512
80052;Distrito Sintético 52;2021;14.6;0.99;64.03;0.851
80053;Distrito Sintético 53;2021;15.2;2.88;56.17;0.277
80054;Distrito Sintético 54;2021;18.78;4.34;85.8;0.577
80055;Distrito Sintético 55;2021;17.23;4.43;33.55;0.654
80056;Distrito Sintético 56;2021;17.59;4.3;46.34;0.657
80057;Distrito Sintético 57;2021;18.64;2.47;42.89;0.109
80058;Distrito Sintético 58;2021;19.02;3.26;42.76;0.853
80059;Distrito Sintético 59;2021;20.12;3.93;82.87;0.473
80060;Distrito Sintético 60;2021;16.19;3.23;62.87;0.16
80061;Distrito Sintético 61;2021;18.18;0.56;51.29;0.694
80062;Distrito Sintético 62;2021;19.07;2.37;41.8;0.492
80063;Distrito Sintético 63;2021;16.73;2.98;67.54;0.46
80064;Distrito Sintético 64;2021;25.56;1.19;63.28;0.223
80065;Distrito Sintético 65;2021;19.57;0.65;49.59;0.883
80066;Distrito Sintético 66;2021;19.21;1.35;75.51;0.262
80067;Distrito Sintético 67;2021;20.1;2.18;60.93;0.518
80068;Distrito Sintético 68;2021;20.96;2.44;83.48;0.773
80069;Distrito Sintético 69;2021;21.8;2.59;65.08;0.778
80070;Distrito Sintético 70;2021;21.33;4.37;45.69;0.3
80071;Distrito Sintético 71;2021;19.27;1.93;71.44;0.462
80072;Distrito Sintético 72;2021;22.28;1.02;53.66;0.149
80073;Distrito Sintético 73;2021;23.03;4.46;88.28;0.863
80074;Distrito Sintético 74;2021;20.75;1.38;31.31;0.378
80075;Distrito Sintético 75;2021;24.35;3.29;51.05;0.573
80076;Distrito Sintético 76;2021;15.83;4.66;94.56;0.221
80077;Distrito Sintético 77;2021;17.0;3.32;80.17;0.699
80078;Distrito Sintético 78;2021;22.46;3.8;47.58;0.31
80079;Distrito Sintético 79;2021;18.9;1.86;86.59;0.833
80080;Distrito Sintético 80;2021;19.6;4.01;73.6;0.196
80081;Distrito Sintético 81;2021;19.53;4.56;59.7;0.322
80082;Distrito Sintético 82;2021;19.81;0.63;79.93;0.597
80083;Distrito Sintético 83;2021;19.24;2.46;64.1;0.502
80084;Distrito Sintético 84;2021;22.37;1.95;92.14;0.742
80085;Distrito Sintético 85;2021;17.16;2.55;39.39;0.76
80086;Distrito Sintético 86;2021;19.91;4.98;53.86;0.365
80087;Distrito Sintético 87;2021;17.32;2.8;54.44;0.218
80088;Distrito Sintético 88;2021;23.47;0.94;62.21;0.476
80089;Distrito Sintético 89;2021;22.26;1.92;78.82;0.724
80090;Distrito Sintético 90;2021;19.81;2.17;91.03;0.203
80091;Distrito Sintético 91;2021;16.28;1.59;63.62;0.286
80092;Distrito Sintético 92;2021;22.77;2.91;57.74;0.704
80093;Distrito Sintético 93;2021;18.49;2.6;36.76;0.759
80094;Distrito Sintético 94;2021;20.26;4.75;64.74;0.679
80095;Distrito Sintético 95;2021;16.17;4.74;72.17;0.241
80096;Distrito Sintético 96;2021;14.0;3.56;92.9;0.599
80001;Distrito Sintético 1;2022;21.15;3.5;94.81;0.179
80002;Distrito Sintético 2;2022;23.11;4.38;79.94;0.391
80003;Distrito Sintético 3;2022;26.95;1.1;32.68;0.503
80004;Distrito Sintético 4;2022;19.72;4.67;90.45;0.531
80005;Distrito Sintético 5;2022;15.12;2.75;85.88;0.879
80006;Distrito Sintético 6;2022;22.96;2.74;91.65;0.644
80007;Distrito Sintético 7;2022;19.52;1.83;64.27;0.437
80008;Distrito Sintético 8;2022;14.44;1.21;52.68;0.529
80009;Distrito Sintético 9;2022;23.67;1.23;47.64;0.294
80010;Distrito Sintético 10;2022;13.67;4.01;81.31;0.283
80011;Distrito Sintético 11;2022;17.55;4.95;42.14;0.336
80012;Distrito Sintético 12;2022;15.09;4.01;90.68;0.4
80013;Distrito Sintético 13;2022;18.18;3.84;74.42;0.436
80014;Distrito Sintético 14;2022;17.89;4.09;75.46;0.82
80015;Distrito Sintético 15;2022;16.88;0.55;57.67;0.239
80016;Distrito Sintético 16;2022;21.16;0.98;72.8;0.243
80017;Distrito Sintético 17;2022;17.31;1.95;94.65;0.169
80018;Distrito Sintético 18;2022;17.8;4.69;81.34;0.571
80019;Distrito Sintético 19;2022;19.15;1.3;56.91;0.196
80020;Distrito Sintético 20;2022;18.84;1.09;32.26;0.495
80021;Distrito Sintético 21;2022;19.84;3.3;74.29;0.683
80022;Distrito Sintético 22;2022;16.37;3.91;46.6;0.576
80023;Distrito Sintético 23;2022;18.49;1.1;84.57;0.575
80024;Distrito Sintético 24;2022;19.07;4.57;53.02;0.18
80025;Distrito Sintético 25;2022;17.2;1.69;71.57;0.807
80026;Distrito Sintético 26;2022;23.74;0.95;40.75;0.53
80027;Distrito Sintético 27;2022;19.81;3.15;52.26;0.856
80028;Distrito Sintético 28;2022;19.27;3.73;50.22;0.698
80029;Distrito Sintético 29;2022;14.47;1.98;47.36;0.156
80030;Distrito Sintético 30;2022;23.5;2.8;33.62;0.715
80031;Distrito Sintético 31;2022;18.67;1.36;90.28;0.799
80032;Distrito Sintético 32;2022;19.06;4.45;84.54;0.216
80033;Distrito Sintético 33;2022;16.71;0.82;73.5;0.221
80034;Distrito Sintético 34;2022;20.16;2.8;44.93;0.878
80035;Distrito Sintético 35;2022;19.66;2.35;94.86;0.692
80036;Distrito Sintético 36;2022;17.55;0.55;62.1;0.217
80037;Distrito Sintético 37;2022;22.0;0.61;89.98;0.145
80038;Distrito Sintético 38;2022;15.12;3.72;86.96;0.817
80039;Distrito Sintético 39;2022;14.45;1.0;55.57;0.57
80040;Distrito Sintético 40;2022;21.0;1.71;40.47;0.456
80041;Distrito Sintético 41;2022;19.64;0.73;84.01;0.261
80042;Distrito Sintético 42;2022;16.97;1.44;81.21;0.353
80043;Distrito Sintético 43;2022;25.06;4.65;55.31;0.764
80044;Distrito Sintético 44;2022;13.99;4.91;49.51;0.108
80045;Distrito Sintético 45;2022;21.35;1.61;81.29;0.289
80046;Distrito Sintético 46;2022;18.76;1.38;48.38;0.131
80047;Distrito Sintético 47;2022;24.68;2.22;64.99;0.711
80048;Distrito Sintético 48;2022;16.37;0.66;40.44;0.563
80049;Distrito Sintético 49;2022;18.53;4.11;62.11;0.431
80050;Distrito Sintético 50;2022;19.17;3.64;92.7;0.839
80051;Distrito Sintético 51;2022;20.67;1.17;80.66;0.853
80052;Distrito Sintético 52;2022;17.11;3.92;90.1;0.448
80053;Distrito Sintético 53;2022;15.5;3.56;93.96;0.632
80054;Distrito Sintético 54;2022;18.71;1.41;44.72;0.669
80055;Distrito Sintético 55;2022;14.44;0.82;61.48;0.599
80056;Distrito Sintético 56;2022;14.49;4.27;74.89;0.89
80057;Distrito Sintético 57;2022;22.05;3.93;38.83;0.697
80058;Distrito Sintético 58;2022;18.16;2.36;86.79;0.197
80059;Distrito Sintético 59;2022;18.42;4.38;84.55;0.712
80060;Distrito Sintético 60;2022;20.64;2.36;39.39;0.896
80061;Distrito Sintético 61;2022;13.39;1.29;75.3;0.113
80062;Distrito Sintético 62;2022;17.72;1.57;31.87;0.669
80063;Distrito Sintético 63;2022;28.56;4.31;71.07;0.574
80064;Distrito Sintético 64;2022;17.09;2.12;58.42;0.676
80065;Distrito Sintético 65;2022;15.09;1.1;85.38;0.759
80066;Distrito Sintético 66;2022;19.92;1.55;71.94;0.528
80067;Distrito Sintético 67;2022;18.12;0.62;34.89;0.135
80068;Distrito Sintético 68;2022;15.52;0.93;68.64;0.771
80069;Distrito Sintético 69;2022;15.15;2.19;93.99;0.836
80070;Distrito Sintético 70;2022;22.51;0.85;34.55;0.147
80071;Distrito Sintético 71;2022;16.65;0.75;51.3;0.783
80072;Distrito Sintético 72;2022;18.08;0.65;32.77;0.189
80073;Distrito Sintético 73;2022;19.0;4.06;66.3;0.356
80074;Distrito Sintético 74;2022;21.89;1.47;34.6;0.666
80075;Distrito Sintético 75;2022;17.42;2.47;57.0;0.787
80076;Distrito Sintético 76;2022;22.62;3.11;94.12;0.237
80077;Distrito Sintético 77;2022;15.93;3.92;46.06;0.58
80078;Distrito Sintético 78;2022;20.32;1.21;55.87;0.764
80079;Distrito Sintético 79;2022;14.44;1.45;92.03;0.42
80080;Distrito Sintético 80;2022;18.29;4.66;47.63;0.316
80081;Distrito Sintético 81;2022;14.01;0.53;61.81;0.269
80082;Distrito Sintético 82;2022;20.41;2.09;84.37;0.161
80083;Distrito Sintético 83;2022;21.11;3.9;54.09;0.351
80084;Distrito Sintético 84;2022;17.05;2.11;57.19;0.707
80085;Distrito Sintético 85;2022;16.35;0.83;76.11;0.849
80086;Distrito Sintético 86;2022;15.7;4.27;50.93;0.514
80087;Distrito Sintético 87;2022;19.98;3.48;66.7;0.622
80088;Distrito Sintético 88;2022;14.59;3.3;81.04;0.505
80089;Distrito Sintético 89;2022;18.67;1.51;75.47;0.699
80090;Distrito Sintético 90;2022;13.91;4.72;41.92;0.626
80091;Distrito Sintético 91;2022;19.15;1.34;34.97;0.729
80092;Distrito Sintético 92;2022;13.05;4.2;37.21;0.536
80093;Distrito Sintético 93;2022;18.53;0.83;75.97;0.245
80094;Distrito Sintético 94;2022;14.74;4.14;63.08;0.895
80095;Distrito Sintético 95;2022;22.27;4.52;68.95;0.389
80096;Distrito Sintético 96;2022;18.58;1.23;33.04;0.313
80001;Distrito Sintético 1;2023;20.47;4.44;71.99;0.346
80002;Distrito Sintético 2;2023;18.37;0.53;35.88;0.802
80003;Distrito Sintético 3;2023;22.9;4.86;81.47;0.104
80004;Distrito Sintético 4;2023;15.02;4.14;38.26;0.407
80005;Distrito Sintético 5;2023;15.17;3.04;53.19;0.219
80006;Distrito Sintético 6;2023;17.13;0.88;42.73;0.133
80007;Distrito Sintético 7;2023;12.83;2.61;41.25;0.857
80008;Distrito Sintético 8;2023;17.06;0.63;79.5;0.107
80009;Distrito Sintético 9;2023;21.21;3.09;92.98;0.342
80010;Distrito Sintético 10;2023;21.55;3.6;88.79;0.776
80011;Distrito Sintético 11;2023;17.16;1.34;93.47;0.323
80012;Distrito Sintético 12;2023;16.56;2.69;83.11;0.856
80013;Distrito Sintético 13;2023;15.61;3.41;62.34;0.408
80014;Distrito Sintético 14;2023;15.68;4.05;85.65;0.246
80015;Distrito Sintético 15;2023;16.88;2.55;30.66;0.6
80016;Distrito Sintético 16;2023;21.57;2.01;91.48;0.605
80017;Distrito Sintético 17;2023;22.1;2.73;31.75;0.313
80018;Distrito Sintético 18;2023;16.37;1.98;73.54;0.585
80019;Distrito Sintético 19;2023;11.95;3.35;70.58;0.341
80020;Distrito Sintético 20;2023;19.78;2.47;86.58;0.2
80021;Distrito Sintético 21;2023;14.72;2.29;36.68;0.209
80022;Distrito Sintético 22;2023;18.34;1.05;60.54;0.807
80023;Distrito Sintético 23;2023;19.5;0.86;94.72;0.85
80024;Distrito Sintético 24;2023;15.52;2.53;85.47;0.352
80025;Distrito Sintético 25;2023;18.39;3.71;64.37;0.57
80026;Distrito Sintético 26;2023;16.97;3.84;34.92;0.881
80027;Distrito Sintético 27;2023;23.81;4.97;58.81;0.112
80028;Distrito Sintético 28;2023;15.72;1.66;85.01;0.323
80029;Distrito Sintético 29;2023;18.32;0.99;43.57;0.77
80030;Distrito Sintético 30;2023;15.47;4.27;61.59;0.381
80031;Distrito Sintético 31;2023;21.63;2.12;35.9;0.738
80032;Distrito Sintético 32;2023;23.37;1.79;67.96;0.218
80033;Distrito Sintético 33;2023;19.3;4.76;38.43;0.331
80034;Distrito Sintético 34;2023;16.26;4.3;41.74;0.57
80035;Distrito Sintético 35;2023;20.52;4.46;79.4;0.412
80036;Distrito Sintético 36;2023;25.25;4.52;81.02;0.201
80037;Distrito Sintético 37;2023;19.35;2.01;60.02;0.221
80038;Distrito Sintético 38;2023;17.76;4.86;76.64;0.384
80039;Distrito Sintético 39;2023;14.53;3.2;71.5;0.527
80040;Distrito Sintético 40;2023;16.23;1.33;66.26;0.386
80041;Distrito Sintético 41;2023;17.05;4.73;69.25;0.112
80042;Distrito Sintético 42;2023;21.87;0.84;75.13;0.63
80043;Distrito Sintético 43;2023;18.51;1.15;63.37;0.517
80044;Distrito Sintético 44;2023;20.29;2.92;73.38;0.319
80045;Distrito Sintético 45;2023;22.01;4.77;59.23;0.15
80046;Distrito Sintético 46;2023;16.57;2.78;53.46;0.163
80047;Distrito Sintético 47;2023;16.27;0.56;34.31;0.833
80048;Distrito Sintético 48;2023;17.47;0.93;46.38;0.243
80049;Distrito Sintético 49;2023;20.71;1.31;80.57;0.43
80050;Distrito Sintético 50;2023;19.77;3.59;30.58;0.88
80051;Distrito Sintético 51;2023;17.0;2.08;94.66;0.542
80052;Distrito Sintético 52;2023;16.51;1.73;41.97;0.897
80053;Distrito Sintético 53;2023;16.42;1.74;38.84;0.185
80054;Distrito Sintético 54;2023;17.48;2.51;59.33;0.795
80055;Distrito Sintético 55;2023;19.91;1.35;85.01;0.42
80056;Distrito Sintético 56;2023;19.5;1.25;56.77;0.349
80057;Distrito Sintético 57;2023;16.48;1.69;72.3;0.608
80058;Distrito Sintético 58;2023;17.53;4.11;47.23;0.48
80059;Distrito Sintético 59;2023;20.3;0.99;63.63;0.286
80060;Distrito Sintético 60;2023;16.4;3.74;55.16;0.632
80061;Distrito Sintético 61;2023;18.58;1.87;84.82;0.558
80062;Distrito Sintético 62;2023;10.92;3.32;93.36;0.47
80063;Distrito Sintético 63;2023;14.99;3.07;92.58;0.566
80064;Distrito Sintético 64;2023;16.83;1.39;39.42;0.889
80065;Distrito Sintético 65;2023;18.33;0.69;85.24;0.663
80066;Distrito Sintético 66;2023;16.5;2.44;91.48;0.44
80067;Distrito Sintético 67;2023;17.37;3.76;43.81;0.498
80068;Distrito Sintético 68;2023;19.4;1.14;91.75;0.354
80069;Distrito Sintético 69;2023;20.04;1.9;64.43;0.205
80070;Distrito Sintético 70;2023;22.38;4.87;85.56;0.425
80071;Distrito Sintético 71;2023;16.07;1.68;73.45;0.788
80072;Distrito Sintético 72;2023;17.99;2.44;48.7;0.752
80073;Distrito Sintético 73;2023;18.48;1.94;41.55;0.837
80074;Distrito Sintético 74;2023;21.89;4.07;81.74;0.496
80075;Distrito Sintético 75;2023;21.06;0.8;89.97;0.112
80076;Distrito Sintético 76;2023;20.63;1.3;86.6;0.458
80077;Distrito Sintético 77;2023;23.06;0.75;56.86;0.168
80078;Distrito Sintético 78;2023;15.68;2.88;45.87;0.312
80079;Distrito Sintético 79;2023;19.62;1.29;65.01;0.566
80080;Distrito Sintético 80;2023;17.57;1.94;75.31;0.269
80081;Distrito Sintético 81;2023;18.17;1.19;47.21;0.301
80082;Distrito Sintético 82;2023;25.11;3.14;49.79;0.56
80083;Distrito Sintético 83;2023;14.71;2.53;58.93;0.759
80084;Distrito Sintético 84;2023;25.17;3.08;90.11;0.401
80085;Distrito Sintético 85;2023;20.37;1.09;31.44;0.272
80086;Distrito Sintético 86;2023;15.88;3.97;81.44;0.344
80087;Distrito Sintético 87;2023;21.21;1.38;65.61;0.894
80088;Distrito Sintético 88;2023;19.3;0.65;31.39;0.731
80089;Distrito Sintético 89;2023;19.31;3.45;93.63;0.671
80090;Distrito Sintético 90;2023;21.28;4.68;76.32;0.118
80091;Distrito Sintético 91;2023;20.46;3.2;54.83;0.767
80092;Distrito Sintético 92;2023;18.41;1.05;78.15;0.654
80093;Distrito Sintético 93;2023;24.16;1.48;38.63;0.26
80094;Distrito Sintético 94;2023;16.09;3.57;86.73;0.674
80095;Distrito Sintético 95;2023;15.72;4.39;73.12;0.488
80096;Distrito Sintético 96;2023;18.87;4.63;64.41;0.482
80001;Distrito Sintético 1;2024;21.78;0.87;80.94;0.433
80002;Distrito Sintético 2;2024;22.22;4.14;57.14;0.899
80003;Distrito Sintético 3;2024;18.04;4.27;74.14;0.291
80004;Distrito Sintético 4;2024;15.13;1.2;85.13;0.222
80005;Distrito Sintético 5;2024;18.38;3.74;57.99;0.256
80006;Distrito Sintético 6;2024;19.5;4.95;46.53;0.128
80007;Distrito Sintético 7;2024;21.46;0.94;86.81;0.309
80008;Distrito Sintético 8;2024;15.82;2.99;65.57;0.792
80009;Distrito Sintético 9;2024;21.61;4.0;62.31;0.222
80010;Distrito Sintético 10;2024;24.93;2.06;94.46;0.262
80011;Distrito Sintético 11;2024;18.27;0.88;49.22;0.804
80012;Distrito Sintético 12;2024;19.83;4.59;58.14;0.654
80013;Distrito Sintético 13;2024;19.02;2.94;41.34;0.869
80014;Distrito Sintético 14;2024;22.1;4.42;69.66;0.315
80015;Distrito Sintético 15;2024;14.28;3.62;90.81;0.688
80016;Distrito Sintético 16;2024;20.51;4.68;76.89;0.307
80017;Distrito Sintético 17;2024;16.42;1.21;37.65;0.617
80018;Distrito Sintético 18;2024;21.45;1.04;51.38;0.661
80019;Distrito Sintético 19;2024;19.71;1.98;94.41;0.226
80020;Distrito Sintético 20;2024;18.87;1.47;65.66;0.352
80021;Distrito Sintético 21;2024;16.36;0.89;68.2;0.727
80022;Distrito Sintético 22;2024;20.46;3.64;36.85;0.555
80023;Distrito Sintético 23;2024;18.06;1.48;82.89;0.463
80024;Distrito Sintético 24;2024;23.02;3.3;80.59;0.202
80025;Distrito Sintético 25;2024;19.6;2.08;94.08;0.558
80026;Distrito Sintético 26;2024;21.31;0.62;45.3;0.7
80027;Distrito Sintético 27;2024;19.1;1.81;64.99;0.617
80028;Distrito Sintético 28;2024;23.81;4.5;52.9;0.105
80029;Distrito Sintético 29;2024;22.55;3.3;65.65;0.845
80030;Distrito Sintético 30;2024;23.54;4.34;58.52;0.87
80031;Distrito Sintético 31;2024;17.57;3.78;61.89;0.785
80032;Distrito Sintético 32;2024;17.24;4.38;88.07;0.249
80033;Distrito Sintético 33;2024;17.37;0.92;49.72;0.488
80034;Distrito Sintético 34;2024;20.61;4.22;63.33;0.763
80035;Distrito Sintético 35;2024;16.38;2.16;61.96;0.476
80036;Distrito Sintético 36;2024;22.48;1.53;65.46;0.452
80037;Distrito Sintético 37;2024;15.94;2.31;44.54;0.627
80038;Distrito Sintético 38;2024;16.35;3.37;48.53;0.834
80039;Distrito Sintético 39;2024;16.97;2.48;79.63;0.608
80040;Distrito Sintético 40;2024;16.74;3.44;87.36;0.757
80041;Distrito Sintético 41;2024;10.62;2.84;87.33;0.313
80042;Distrito Sintético 42;2024;11.88;4.8;63.19;0.589
80043;Distrito Sintético 43;2024;15.44;0.98;74.28;0.533
80044;Distrito Sintético 44;2024;15.48;2.59;69.5;0.128
80045;Distrito Sintético 45;2024;14.66;1.02;86.57;0.415
80046;Distrito Sintético 46;2024;16.36;3.76;40.84;0.632
80047;Distrito Sintético 47;2024;18.59;4.44;72.32;0.614
80048;Distrito Sintético 48;2024;15.8;1.91;59.35;0.784
80049;Distrito Sintético 49;2024;17.32;3.17;93.82;0.648
80050;Distrito Sintético 50;2024;16.89;2.44;85.07;0.636
80051;Distrito Sintético 51;2024;21.42;1.23;46.22;0.332
80052;Distrito Sintético 52;2024;16.92;4.66;36.92;0.163
80053;Distrito Sintético 53;2024;16.27;1.64;55.36;0.186
80054;Distrito Sintético 54;2024;19.97;4.38;80.16;0.378
80055;Distrito Sintético 55;2024;19.53;2.26;89.96;0.24
80056;Distrito Sintético 56;2024;24.0;1.93;41.34;0.694
80057;Distrito Sintético 57;2024;18.74;3.16;93.42;0.528
80058;Distrito Sintético 58;2024;19.99;2.31;80.06;0.189
80059;Distrito Sintético 59;2024;21.01;2.69;75.33;0.292
80060;Distrito Sintético 60;2024;19.09;4.68;64.95;0.606
80061;Distrito Sintético 61;2024;19.85;3.96;32.77;0.652
80062;Distrito Sintético 62;2024;15.16;3.59;60.42;0.711
80063;Distrito Sintético 63;2024;18.42;4.16;82.74;0.104
80064;Distrito Sintético 64;2024;17.22;2.29;72.44;0.63
80065;Distrito Sintético 65;2024;18.23;3.2;49.33;0.217
80066;Distrito Sintético 66;2024;17.21;2.53;83.27;0.501
80067;Distrito Sintético 67;2024;14.84;3.7;33.18;0.249
80068;Distrito Sintético 68;2024;17.27;1.22;73.72;0.151
80069;Distrito Sintético 69;2024;20.73;3.25;58.3;0.646
80070;Distrito Sintético 70;2024;14.22;4.23;70.36;0.827
80071;Distrito Sintético 71;2024;16.16;0.74;58.7;0.301
80072;Distrito Sintético 72;2024;15.99;3.29;79.94;0.168
80073;Distrito Sintético 73;2024;20.69;1.04;76.51;0.852
80074;Distrito Sintético 74;2024;25.34;1.05;30.85;0.327
80075;Distrito Sintético 75;2024;19.72;1.12;58.92;0.831
80076;Distrito Sintético 76;2024;19.72;0.87;76.01;0.483
80077;Distrito Sintético 77;2024;13.9;4.55;41.77;0.356
80078;Distrito Sintético 78;2024;16.48;4.76;66.87;0.519
80079;Distrito Sintético 79;2024;18.57;2.7;81.2;0.337
80080;Distrito Sintético 80;2024;16.93;1.85;40.33;0.892
80081;Distrito Sintético 81;2024;19.56;1.8;74.3;0.876
80082;Distrito Sintético 82;2024;21.46;4.53;48.67;0.345
80083;Distrito Sintético 83;2024;14.48;2.95;36.9;0.723
80084;Distrito Sintético 84;2024;18.81;3.46;70.65;0.863
80085;Distrito Sintético 85;2024;24.97;4.11;69.5;0.759
80086;Distrito Sintético 86;2024;17.7;1.54;85.86;0.826
80087;Distrito Sintético 87;2024;20.17;1.85;50.97;0.303
80088;Distrito Sintético 88;2024;24.65;0.72;59.11;0.358
80089;Distrito Sintético 89;2024;19.96;1.11;55.58;0.109
80090;Distrito Sintético 90;2024;18.26;3.76;73.84;0.511
80091;Distrito Sintético 91;2024;16.96;2.58;60.72;0.334
80092;Distrito Sintético 92;2024;21.15;0.52;40.82;0.29
80093;Distrito Sintético 93;2024;20.67;0.71;91.41;0.159
80094;Distrito Sintético 94;2024;21.28;4.63;86.7;0.495
80095;Distrito Sintético 95;2024;16.07;3.04;89.54;0.451
80096;Distrito Sintético 96;2024;19.93;2.67;89.43;0.8
80001;Distrito Sintético 1;2025;14.45;4.77;54.42;0.208
80002;Distrito Sintético 2;2025;17.44;3.33;87.58;0.804
80003;Distrito Sintético 3;2025;23.17;2.37;42.98;0.534
80004;Distrito Sintético 4;2025;20.53;1.52;68.88;0.262
80005;Distrito Sintético 5;2025;17.68;1.06;82.39;0.484
80006;Distrito Sintético 6;2025;19.87;1.08;56.16;0.665
80007;Distrito Sintético 7;2025;20.76;1.92;54.23;0.714
80008;Distrito Sintético 8;2025;17.97;4.75;67.71;0.833
80009;Distrito Sintético 9;2025;17.36;4.63;69.22;0.857
80010;Distrito Sintético 10;2025;16.2;4.24;56.7;0.639
80011;Distrito Sintético 11;2025;32.02;2.53;64.85;0.427
80012;Distrito Sintético 12;2025;19.78;1.0;51.22;0.728
80013;Distrito Sintético 13;2025;21.93;2.28;47.82;0.308
80014;Distrito Sintético 14;2025;21.7;4.63;47.34;0.384
80015;Distrito Sintético 15;2025;14.09;2.45;41.22;0.356
80016;Distrito Sintético 16;2025;22.23;4.41;83.23;0.464
80017;Distrito Sintético 17;2025;18.94;4.77;81.45;0.886
80018;Distrito Sintético 18;2025;23.88;0.8;35.57;0.58
80019;Distrito Sintético 19;2025;16.39;2.31;64.44;0.481
80020;Distrito Sintético 20;2025;17.41;4.96;55.98;0.454
80021;Distrito Sintético 21;2025;16.86;0.73;69.74;0.325
80022;Distrito Sintético 22;2025;18.39;1.7;94.78;0.708
80023;Distrito Sintético 23;2025;18.11;2.02;59.55;0.451
80024;Distrito Sintético 24;2025;16.11;2.97;30.33;0.6
80025;Distrito Sintético 25;2025;19.16;3.56;33.55;0.822
80026;Distrito Sintético 26;2025;16.61;3.86;33.69;0.114
80027;Distrito Sintético 27;2025;22.92;2.86;58.76;0.359
80028;Distrito Sintético 28;2025;22.99;3.44;84.41;0.733
80029;Distrito Sintético 29;2025;18.5;4.04;61.84;0.679
80030;Distrito Sintético 30;2025;23.49;4.11;60.57;0.481
80031;Distrito Sintético 31;2025;17.89;1.7;36.68;0.26
80032;Distrito Sintético 32;2025;13.75;1.11;71.81;0.397
80033;Distrito Sintético 33;2025;22.35;2.04;59.07;0.464
80034;Distrito Sintético 34;2025;21.62;4.56;65.13;0.62
80035;Distrito Sintético 35;2025;18.84;3.8;76.11;0.296
80036;Distrito Sintético 36;2025;13.72;3.86;82.48;0.805
80037;Distrito Sintético 37;2025;18.92;2.8;92.01;0.347
80038;Distrito Sintético 38;2025;21.64;1.81;91.32;0.14
80039;Distrito Sintético 39;2025;20.47;2.09;81.12;0.214
80040;Distrito Sintético 40;2025;18.51;2.76;82.91;0.851
80041;Distrito Sintético 41;2025;14.4;3.02;53.31;0.278
80042;Distrito Sintético 42;2025;26.3;4.95;40.62;0.604
80043;Distrito Sintético 43;2025;18.76;1.82;37.37;0.533
80044;Distrito Sintético 44;2025;20.85;0.98;31.38;0.866
80045;Distrito Sintético 45;2025;19.22;2.38;66.7;0.753
80046;Distrito Sintético 46;2025;14.36;4.48;62.45;0.208
80047;Distrito Sintético 47;2025;27.51;2.72;40.77;0.818
80048;Distrito Sintético 48;2025;16.35;2.37;42.83;0.73
80049;Distrito Sintético 49;2025;15.06;4.77;53.03;0.286
80050;Distrito Sintético 50;2025;16.97;2.5;37.1;0.423
80051;Distrito Sintético 51;2025;22.16;4.87;93.65;0.754
80052;Distrito Sintético 52;2025;15.25;4.77;60.25;0.595
80053;Distrito Sintético 53;2025;13.73;2.04;56.59;0.893
80054;Distrito Sintético 54;2025;18.69;1.27;86.93;0.399
80055;Distrito Sintético 55;2025;18.16;4.27;85.49;0.747
80056;Distrito Sintético 56;2025;17.91;0.91;73.19;0.468
80057;Distrito Sintético 57;2025;14.57;2.6;66.87;0.265
80058;Distrito Sintético 58;2025;17.87;2.93;41.01;0.159
80059;Distrito Sintético 59;2025;21.58;1.46;53.36;0.563
80060;Distrito Sintético 60;2025;17.95;1.32;69.1;0.884
80061;Distrito Sintético 61;2025;20.08;0.85;71.19;0.721
80062;Distrito Sintético 62;2025;20.63;2.21;57.77;0.796
80063;Distrito Sintético 63;2025;13.09;2.92;64.21;0.101
80064;Distrito Sintético 64;2025;19.93;0.99;61.75;0.448
80065;Distrito Sintético 65;2025;18.22;2.36;89.7;0.697
80066;Distrito Sintético 66;2025;19.59;2.17;90.98;0.871
80067;Distrito Sintético 67;2025;18.66;4.31;66.75;0.443
80068;Distrito Sintético 68;2025;18.2;2.26;66.6;0.525
80069;Distrito Sintético 69;2025;15.66;1.84;59.72;0.86
80070;Distrito Sintético 70;2025;17.93;4.84;50.79;0.757
80071;Distrito Sintético 71;2025;14.68;2.87;44.72;0.209
80072;Distrito Sintético 72;2025;16.45;2.03;51.05;0.234
80073;Distrito Sintético 73;2025;16.37;3.86;40.14;0.839
80074;Distrito Sintético 74;2025;13.49;3.15;87.15;0.456
80075;Distrito Sintético 75;2025;19.2;4.63;77.21;0.653
80076;Distrito Sintético 76;2025;18.2;0.79;84.36;0.748
80077;Distrito Sintético 77;2025;15.81;1.8;64.24;0.65
80078;Distrito Sintético 78;2025;16.31;3.44;30.31;0.378
80079;Distrito Sintético 79;2025;16.17;2.19;42.87;0.414
80080;Distrito Sintético 80;2025;18.23;4.94;93.31;0.275
80081;Distrito Sintético 81;2025;18.46;3.87;65.06;0.478
80082;Distrito Sintético 82;2025;21.34;3.0;73.74;0.686
80083;Distrito Sintético 83;2025;21.0;2.45;32.13;0.312
80084;Distrito Sintético 84;2025;16.74;3.64;51.86;0.775
80085;Distrito Sintético 85;2025;13.15;1.86;65.84;0.181
80086;Distrito Sintético 86;2025;18.87;4.18;46.67;0.705
80087;Distrito Sintético 87;2025;17.69;1.32;78.21;0.369
80088;Distrito Sintético 88;2025;20.36;2.12;55.92;0.716
80089;Distrito Sintético 89;2025;19.69;1.33;75.28;0.432
80090;Distrito Sintético 90;2025;15.26;4.44;54.32;0.289
80091;Distrito Sintético 91;2025;16.46;3.37;68.1;0.204
80092;Distrito Sintético 92;2025;21.84;0.55;43.2;0.13
80093;Distrito Sintético 93;2025;24.05;0.57;49.6;0.482
80094;Distrito Sintético 94;2025;21.07;1.11;51.65;0.668
80095;Distrito Sintético 95;2025;15.48;0.87;86.22;0.216
80096;Distrito Sintético 96;2025;16.26;1.44;63.88;0.394
80001;Distrito Sintético 1;2026;19.74;1.32;53.14;0.541
80002;Distrito Sintético 2;2026;18.34;4.64;48.64;0.496
80003;Distrito Sintético 3;2026;15.88;4.34;45.98;0.652
80004;Distrito Sintético 4;2026;23.7;1.97;61.73;0.434
80005;Distrito Sintético 5;2026;16.43;4.75;54.7;0.611
80006;Distrito Sintético 6;2026;21.28;2.31;44.34;0.813
80007;Distrito Sintético 7;2026;21.0;2.78;76.26;0.629
80008;Distrito Sintético 8;2026;20.51;0.94;33.82;0.472
80009;Distrito Sintético 9;2026;16.8;3.32;54.28;0.228
80010;Distrito Sintético 10;2026;18.82;0.55;54.96;0.168
80011;Distrito Sintético 11;2026;13.26;2.97;56.87;0.289
80012;Distrito Sintético 12;2026;22.54;4.84;88.13;0.497
80013;Distrito Sintético 13;2026;18.37;3.77;54.79;0.491
80014;Distrito Sintético 14;2026;23.55;2.6;59.85;0.779
80015;Distrito Sintético 15;2026;21.34;1.2;88.03;0.339
80016;Distrito Sintético 16;2026;17.3;1.01;67.74;0.651
80017;Distrito Sintético 17;2026;19.28;3.34;44.36;0.132
80018;Distrito Sintético 18;2026;22.32;1.9;41.46;0.179
80019;Distrito Sintético 19;2026;18.73;1.03;39.23;0.176
80020;Distrito Sintético 20;2026;17.59;1.27;39.76;0.836
80021;Distrito Sintético 21;2026;20.14;3.96;73.59;0.284
80022;Distrito Sintético 22;2026;20.54;2.19;85.72;0.284
80023;Distrito Sintético 23;2026;15.15;1.06;81.27;0.688
80024;Distrito Sintético 24;2026;14.07;2.18;52.23;0.3
80025;Distrito Sintético 25;2026;21.8;3.34;56.5;0.54
80026;Distrito Sintético 26;2026;15.76;1.59;94.93;0.818
80027;Distrito Sintético 27;2026;18.39;3.69;38.07;0.123
80028;Distrito Sintético 28;2026;20.14;4.89;45.43;0.165
80029;Distrito Sintético 29;2026;18.93;0.61;88.6;0.229
80030;Distrito Sintético 30;2026;21.08;0.93;30.71;0.778
80031;Distrito Sintético 31;2026;20.78;4.39;40.53;0.441
80032;Distrito Sintético 32;2026;22.51;3.54;78.93;0.422
80033;Distrito Sintético 33;2026;18.7;4.05;41.83;0.588
80034;Distrito Sintético 34;2026;19.87;2.46;90.31;0.337
80035;Distrito Sintético 35;2026;21.31;3.24;86.93;0.314
80036;Distrito Sintético 36;2026;15.78;4.7;83.14;0.605
80037;Distrito Sintético 37;2026;22.08;3.26;61.87;0.504
80038;Distrito Sintético 38;2026;16.96;3.5;34.15;0.304
80039;Distrito Sintético 39;2026;19.52;2.61;68.47;0.77
80040;Distrito Sintético 40;2026;16.27;1.78;76.78;0.538
80041;Distrito Sintético 41;2026;14.73;4.15;50.48;0.757
80042;Distrito Sintético 42;2026;19.91;2.93;56.68;0.415
80043;Distrito Sintético 43;2026;21.88;1.26;36.56;0.691
80044;Distrito Sintético 44;2026;21.18;3.73;45.62;0.296
80045;Distrito Sintético 45;2026;16.89;1.54;52.04;0.829
80046;Distrito Sintético 46;2026;19.43;4.28;94.85;0.301
80047;Distrito Sintético 47;2026;18.9;1.22;56.82;0.488
80048;Distrito Sintético 48;2026;16.01;1.94;37.5;0.823
80049;Distrito Sintético 49;2026;20.39;2.82;90.68;0.305
80050;Distrito Sintético 50;2026;18.18;1.64;38.66;0.16
80051;Distrito Sintético 51;2026;19.74;2.18;66.0;0.475
80052;Distrito Sintético 52;2026;12.91;2.45;84.98;0.856
80053;Distrito Sintético 53;2026;17.2;4.11;55.88;0.397
80054;Distrito Sintético 54;2026;16.97;1.47;54.45;0.532
80055;Distrito Sintético 55;2026;19.81;3.5;33.56;0.809
80056;Distrito Sintético 56;2026;18.53;2.82;32.89;0.27
80057;Distrito Sintético 57;2026;17.21;2.26;57.34;0.395
80058;Distrito Sintético 58;2026;21.62;2.53;79.02;0.543
80059;Distrito Sintético 59;2026;17.59;3.12;31.83;0.263
80060;Distrito Sintético 60;2026;17.06;0.82;78.25;0.308
80061;Distrito Sintético 61;2026;16.58;3.86;37.19;0.187
80062;Distrito Sintético 62;2026;17.09;3.25;71.92;0.656
80063;Distrito Sintético 63;2026;16.21;4.32;33.45;0.849
80064;Distrito Sintético 64;2026;17.0;1.93;37.34;0.328
80065;Distrito Sintético 65;2026;15.52;1.95;74.57;0.314
80066;Distrito Sintético 66;2026;15.77;0.96;68.34;0.19
80067;Distrito Sintético 67;2026;17.31;4.06;50.41;0.683
80068;Distrito Sintético 68;2026;14.57;2.43;89.14;0.474
80069;Distrito Sintético 69;2026;20.19;3.64;86.43;0.431
80070;Distrito Sintético 70;2026;19.76;4.07;88.68;0.673
80071;Distrito Sintético 71;2026;16.99;1.9;59.43;0.524
80072;Distrito Sintético 72;2026;18.42;3.41;52.95;0.634
80073;Distrito Sintético 73;2026;19.94;4.6;61.46;0.299
80074;Distrito Sintético 74;2026;18.5;1.02;88.8;0.873
80075;Distrito Sintético 75;2026;18.65;3.35;42.22;0.287
80076;Distrito Sintético 76;2026;20.29;1.81;53.44;0.472
80077;Distrito Sintético 77;2026;19.73;1.71;43.71;0.589
80078;Distrito Sintético 78;2026;14.79;1.12;72.43;0.399
80079;Distrito Sintético 79;2026;16.57;4.83;93.21;0.203
80080;Distrito Sintético 80;2026;14.93;1.67;52.72;0.586
80081;Distrito Sintético 81;2026;17.01;2.18;80.62;0.746
80082;Distrito Sintético 82;2026;14.62;4.76;61.27;0.102
80083;Distrito Sintético 83;2026;18.68;3.12;52.84;0.822
80084;Distrito Sintético 84;2026;19.37;1.4;42.55;0.358
80085;Distrito Sintético 85;2026;15.83;4.06;36.08;0.602
80086;Distrito Sintético 86;2026;20.31;2.02;72.21;0.578
80087;Distrito Sintético 87;2026;18.14;0.92;69.96;0.194
80088;Distrito Sintético 88;2026;22.3;4.67;45.83;0.12
80089;Distrito Sintético 89;2026;20.72;2.96;92.23;0.484
80090;Distrito Sintético 90;2026;17.34;3.71;32.04;0.315
80091;Distrito Sintético 91;2026;18.69;1.37;48.6;0.654
80092;Distrito Sintético 92;2026;12.29;4.21;73.43;0.463
80093;Distrito Sintético 93;2026;21.31;4.43;70.01;0.667
80094;Distrito Sintético 94;2026;19.01;3.16;85.88;0.183
80095;Distrito Sintético 95;2026;20.84;4.07;67.88;0.172
80096;Distrito Sintético 96;2026;20.0;0.6;35.62;0.792
